dataset,detector,threshold/config,metric,point,ci_low,ci_high,resamples,bootstrap_unit
Natural500,max_step_guard,threshold=25,F1,0.7095946639302206,0.6240688075259595,0.7745872760121857,1000,trajectory
Natural500,max_step_guard,threshold=25,UC_recall,0.5063829787234042,0.41404541931799643,0.5909402852049911,1000,trajectory
Natural500,max_step_guard,threshold=25,PIIR,0.0610236220472441,0.04347025171624714,0.08044214690713393,1000,trajectory
Natural500,max_step_guard,threshold=25,HN_FPR,0.18395657418576597,0.10342636397882271,0.2538245543343565,1000,trajectory
Natural500,max_step_guard,threshold=25,burden,0.19087719298245615,0.14361373782801562,0.24190747006671562,1000,trajectory
Natural500,max_step_guard,threshold=25,latency_mean,3.327731092436975,2.344721207995544,4.662524038461538,1000,trajectory
Natural500,max_step_guard,threshold=50,F1,0.4178272980501393,0.27824332420403974,0.5222614785842277,1000,trajectory
Natural500,max_step_guard,threshold=50,UC_recall,0.17872340425531916,0.10393147959655778,0.2613265306122448,1000,trajectory
Natural500,max_step_guard,threshold=50,PIIR,0.004921259842519685,0.0009717701685080294,0.010331992991985265,1000,trajectory
Natural500,max_step_guard,threshold=50,HN_FPR,0.030156815440289506,0.0,0.07748981493574995,1000,trajectory
Natural500,max_step_guard,threshold=50,burden,0.07087719298245614,0.03651039424499025,0.10708162183054634,1000,trajectory
Natural500,max_step_guard,threshold=50,latency_mean,11.714285714285714,8.57109634551495,16.25045731707317,1000,trajectory
Natural500,max_step_guard,threshold=75,F1,0.20356435643564355,0.0693208412556576,0.30403940058570994,1000,trajectory
Natural500,max_step_guard,threshold=75,UC_recall,0.09787234042553192,0.03332547169811321,0.16497367843825397,1000,trajectory
Natural500,max_step_guard,threshold=75,PIIR,0.001968503937007874,0.0,0.004887824885613265,1000,trajectory
Natural500,max_step_guard,threshold=75,HN_FPR,0.009047044632086852,0.0,0.02691468140274475,1000,trajectory
Natural500,max_step_guard,threshold=75,burden,0.030292397660818714,0.00827243609482595,0.05350651491941706,1000,trajectory
Natural500,max_step_guard,threshold=75,latency_mean,26.130434782608695,20.54749793217535,37.61393280632411,1000,trajectory
Natural500,max_step_guard,threshold=100,F1,0.08284023668639054,0.005906552471691217,0.15923529817465104,1000,trajectory
Natural500,max_step_guard,threshold=100,UC_recall,0.0425531914893617,0.004442982456140351,0.08797627826941985,1000,trajectory
Natural500,max_step_guard,threshold=100,PIIR,0.0,0.0,0.0,1000,trajectory
Natural500,max_step_guard,threshold=100,HN_FPR,0.0,0.0,0.0,1000,trajectory
Natural500,max_step_guard,threshold=100,burden,0.011695906432748537,0.0008397455210361623,0.02578153276233042,1000,trajectory
Natural500,max_step_guard,threshold=100,latency_mean,37.5,21.0,96.0,1000,trajectory
Natural500,max_step_guard,threshold=150,F1,0.0,0.0,0.0,1000,trajectory
Natural500,max_step_guard,threshold=150,UC_recall,0.0,0.0,0.0,1000,trajectory
Natural500,max_step_guard,threshold=150,PIIR,0.0,0.0,0.0,1000,trajectory
Natural500,max_step_guard,threshold=150,HN_FPR,0.0,0.0,0.0,1000,trajectory
Natural500,max_step_guard,threshold=150,burden,0.0,0.0,0.0,1000,trajectory
Natural500,max_step_guard,threshold=150,latency_mean,,,,1000,trajectory
Natural500,max_step_guard,threshold=200,F1,0.0,0.0,0.0,1000,trajectory
Natural500,max_step_guard,threshold=200,UC_recall,0.0,0.0,0.0,1000,trajectory
Natural500,max_step_guard,threshold=200,PIIR,0.0,0.0,0.0,1000,trajectory
Natural500,max_step_guard,threshold=200,HN_FPR,0.0,0.0,0.0,1000,trajectory
Natural500,max_step_guard,threshold=200,burden,0.0,0.0,0.0,1000,trajectory
Natural500,max_step_guard,threshold=200,latency_mean,,,,1000,trajectory
Enriched500,max_step_guard,threshold=25,F1,0.8332045034447992,0.8068526474987515,0.8532100297533423,1000,trajectory
Enriched500,max_step_guard,threshold=25,UC_recall,0.8185328185328186,0.7796743452625805,0.8499074134946201,1000,trajectory
Enriched500,max_step_guard,threshold=25,PIIR,0.42349570200573067,0.3935607061587022,0.450198912589572,1000,trajectory
Enriched500,max_step_guard,threshold=25,HN_FPR,0.4048741349914753,0.3646445388919473,0.4427624046205649,1000,trajectory
Enriched500,max_step_guard,threshold=25,burden,0.5853386637964173,0.5575908072833055,0.6080650059053216,1000,trajectory
Enriched500,max_step_guard,threshold=25,latency_mean,1.5247641509433962,1.2362980413895048,1.885614467836085,1000,trajectory
Enriched500,max_step_guard,threshold=50,F1,0.7192307692307692,0.6904027948880006,0.7422751396823287,1000,trajectory
Enriched500,max_step_guard,threshold=50,UC_recall,0.5260617760617761,0.47167122651159726,0.5717056197478991,1000,trajectory
Enriched500,max_step_guard,threshold=50,PIIR,0.101432664756447,0.07744372943940458,0.12412767004821683,1000,trajectory
Enriched500,max_step_guard,threshold=50,HN_FPR,0.11834319526627218,0.08452162566081506,0.15285883823426313,1000,trajectory
Enriched500,max_step_guard,threshold=50,burden,0.34104712846928575,0.3086751113064562,0.37067709726150844,1000,trajectory
Enriched500,max_step_guard,threshold=50,latency_mean,6.374311926605505,5.094675816456307,7.892476146047747,1000,trajectory
Enriched500,max_step_guard,threshold=75,F1,0.5002807698197969,0.45653860369788984,0.5387625438533864,1000,trajectory
Enriched500,max_step_guard,threshold=75,UC_recall,0.33976833976833976,0.2972992823277759,0.3843533279626714,1000,trajectory
Enriched500,max_step_guard,threshold=75,PIIR,0.04756446991404011,0.03500411341943779,0.06128030270849602,1000,trajectory
Enriched500,max_step_guard,threshold=75,HN_FPR,0.04051750075218133,0.02203038206253158,0.06339950591358526,1000,trajectory
Enriched500,max_step_guard,threshold=75,burden,0.1945490889521027,0.16617347738361685,0.22068746408933915,1000,trajectory
Enriched500,max_step_guard,threshold=75,latency_mean,17.673295454545453,14.41578724604966,21.7106189937818,1000,trajectory
Enriched500,max_step_guard,threshold=100,F1,0.28769701246765467,0.23513261554621848,0.33698806730832226,1000,trajectory
Enriched500,max_step_guard,threshold=100,UC_recall,0.15154440154440155,0.11044303797468354,0.19395893340315962,1000,trajectory
Enriched500,max_step_guard,threshold=100,PIIR,0.010315186246418338,0.004810007510238863,0.016919988970493762,1000,trajectory
Enriched500,max_step_guard,threshold=100,HN_FPR,0.010029084344599338,0.0010319736958268205,0.02333695331499514,1000,trajectory
Enriched500,max_step_guard,threshold=100,burden,0.09517951872068886,0.07246072272189925,0.12005381966646589,1000,trajectory
Enriched500,max_step_guard,threshold=100,latency_mean,29.420382165605094,21.93513187100144,38.99186466942148,1000,trajectory
Enriched500,max_step_guard,threshold=150,F1,0.07167507300238916,0.04017099807308288,0.10139574101733666,1000,trajectory
Enriched500,max_step_guard,threshold=150,UC_recall,0.037644787644787646,0.0188935140617321,0.059294719670712294,1000,trajectory
Enriched500,max_step_guard,threshold=150,PIIR,0.0017191977077363897,0.0,0.004717120358200976,1000,trajectory
Enriched500,max_step_guard,threshold=150,HN_FPR,0.001303780964797914,0.0,0.003919027343332588,1000,trajectory
Enriched500,max_step_guard,threshold=150,burden,0.020758053355885292,0.010970785421557315,0.030272601732475268,1000,trajectory
Enriched500,max_step_guard,threshold=150,latency_mean,60.794871794871796,40.18967391304348,91.46328125000001,1000,trajectory
Enriched500,max_step_guard,threshold=200,F1,0.00013765572303668525,0.0,0.00042224603837906933,1000,trajectory
Enriched500,max_step_guard,threshold=200,UC_recall,0.0009652509652509653,0.0,0.0029070472334378453,1000,trajectory
Enriched500,max_step_guard,threshold=200,PIIR,0.0,0.0,0.0,1000,trajectory
Enriched500,max_step_guard,threshold=200,HN_FPR,0.0,0.0,0.0,1000,trajectory
Enriched500,max_step_guard,threshold=200,burden,3.844083954793573e-05,0.0,0.00011696852673269206,1000,trajectory
Enriched500,max_step_guard,threshold=200,latency_mean,145.0,145.0,145.0,1000,trajectory
Enriched500,exact_action_repeat_k,k=2,F1,0.24778655180665232,0.1870039902320686,0.30950780546808054,1000,trajectory
Enriched500,exact_action_repeat_k,k=2,UC_recall,0.19787644787644787,0.15737664524740796,0.24440462016479436,1000,trajectory
Enriched500,exact_action_repeat_k,k=2,PIIR,0.08481375358166189,0.07096943312920266,0.09875993823510086,1000,trajectory
Enriched500,exact_action_repeat_k,k=2,HN_FPR,0.01574566242102096,0.011557449207929662,0.020546561197478056,1000,trajectory
Enriched500,exact_action_repeat_k,k=2,burden,0.08410855693088337,0.06223646466356931,0.10755880365071721,1000,trajectory
Enriched500,exact_action_repeat_k,k=2,latency_mean,3.453658536585366,2.6306897918564247,4.456993087557604,1000,trajectory
Enriched500,exact_action_repeat_k,k=3,F1,0.20504595644932452,0.1394408677071978,0.27058346158863067,1000,trajectory
Enriched500,exact_action_repeat_k,k=3,UC_recall,0.11293436293436293,0.08298223879486556,0.14894260466712422,1000,trajectory
Enriched500,exact_action_repeat_k,k=3,PIIR,0.028080229226361032,0.020261734376281773,0.03678854036087058,1000,trajectory
Enriched500,exact_action_repeat_k,k=3,HN_FPR,0.0038110520509477483,0.0021081557784156085,0.005864811133200795,1000,trajectory
Enriched500,exact_action_repeat_k,k=3,burden,0.06469593295917583,0.04204261243059228,0.08868655917436478,1000,trajectory
Enriched500,exact_action_repeat_k,k=3,latency_mean,6.264957264957265,3.742997685185185,10.10420673076923,1000,trajectory
Enriched500,exact_action_repeat_k,k=4,F1,0.18604941352632892,0.12777299592686475,0.25362315295873417,1000,trajectory
Enriched500,exact_action_repeat_k,k=4,UC_recall,0.07432432432432433,0.047876886937443776,0.10672742935017636,1000,trajectory
Enriched500,exact_action_repeat_k,k=4,PIIR,0.012607449856733524,0.007217828830588315,0.018626580866673945,1000,trajectory
Enriched500,exact_action_repeat_k,k=4,HN_FPR,0.0014040718082439074,0.00038470605437128066,0.002671314071671672,1000,trajectory
Enriched500,exact_action_repeat_k,k=4,burden,0.057661259321903593,0.03805777823025347,0.0809876856731732,1000,trajectory
Enriched500,exact_action_repeat_k,k=4,latency_mean,6.532467532467533,4.3246078431372545,9.797544283413849,1000,trajectory
Enriched500,action_observation_repeat_exact,exact_pair_k=2,F1,0.19782124288190145,0.1397732352876001,0.25797905448127795,1000,trajectory
Enriched500,action_observation_repeat_exact,exact_pair_k=2,UC_recall,0.12065637065637065,0.0945743584790238,0.1506175011879306,1000,trajectory
Enriched500,action_observation_repeat_exact,exact_pair_k=2,PIIR,0.04011461318051576,0.030465495105119565,0.050941659436697206,1000,trajectory
Enriched500,action_observation_repeat_exact,exact_pair_k=2,HN_FPR,0.007220940728111524,0.004260201721344989,0.010864578110357126,1000,trajectory
Enriched500,action_observation_repeat_exact,exact_pair_k=2,burden,0.06258168678403936,0.04260666782681258,0.0842428205988999,1000,trajectory
Enriched500,action_observation_repeat_exact,exact_pair_k=2,latency_mean,3.296,2.4253320263091322,4.333613445378151,1000,trajectory
Enriched500,action_observation_similarity,tfidf_adjacent>=0.9,F1,0.37012384745485294,0.31431666554123827,0.4264173042082227,1000,trajectory
Enriched500,action_observation_similarity,tfidf_adjacent>=0.9,UC_recall,0.44594594594594594,0.3903728176527643,0.5062954052398759,1000,trajectory
Enriched500,action_observation_similarity,tfidf_adjacent>=0.9,PIIR,0.22177650429799428,0.19851002670637172,0.24324597719106392,1000,trajectory
Enriched500,action_observation_similarity,tfidf_adjacent>=0.9,HN_FPR,0.05596229064286431,0.04138323717792389,0.07677988155503807,1000,trajectory
Enriched500,action_observation_similarity,tfidf_adjacent>=0.9,burden,0.1461136311217037,0.12051767963634942,0.174418552312247,1000,trajectory
Enriched500,action_observation_similarity,tfidf_adjacent>=0.9,latency_mean,2.883116883116883,2.3765032975559293,3.498866781856952,1000,trajectory
Enriched500,action_observation_similarity,tfidf_adjacent>=0.95,F1,0.3172067549064354,0.2576690966907141,0.37578428927661917,1000,trajectory
Enriched500,action_observation_similarity,tfidf_adjacent>=0.95,UC_recall,0.34266409266409265,0.2849984365228268,0.3975481831697092,1000,trajectory
Enriched500,action_observation_similarity,tfidf_adjacent>=0.95,PIIR,0.1512893982808023,0.13148427413107472,0.17286949280502356,1000,trajectory
Enriched500,action_observation_similarity,tfidf_adjacent>=0.95,HN_FPR,0.029485507973122053,0.023474271594742725,0.03630694360772401,1000,trajectory
Enriched500,action_observation_similarity,tfidf_adjacent>=0.95,burden,0.11532251864380719,0.09161601003530631,0.14037555007299532,1000,trajectory
Enriched500,action_observation_similarity,tfidf_adjacent>=0.95,latency_mean,3.3577464788732394,2.611347225788909,4.290865934568748,1000,trajectory
Enriched500,action_observation_similarity,tfidf_adjacent>=0.98,F1,0.27461384270722794,0.21122527953236614,0.33787941541902955,1000,trajectory
Enriched500,action_observation_similarity,tfidf_adjacent>=0.98,UC_recall,0.24613899613899615,0.19574593116504088,0.30138910727129786,1000,trajectory
Enriched500,action_observation_similarity,tfidf_adjacent>=0.98,PIIR,0.08825214899713467,0.07215680175376228,0.103886585756629,1000,trajectory
Enriched500,action_observation_similarity,tfidf_adjacent>=0.98,HN_FPR,0.015845953264466955,0.01148184761193184,0.02035897747146385,1000,trajectory
Enriched500,action_observation_similarity,tfidf_adjacent>=0.98,burden,0.09356500345967556,0.06871992934903808,0.11871757498877464,1000,trajectory
Enriched500,action_observation_similarity,tfidf_adjacent>=0.98,latency_mean,3.8,2.7534564226925338,5.17993229893073,1000,trajectory
Enriched500,error_signature_repeat_k,k=2,F1,0.1443089430894309,0.09153388897815641,0.20944154798750658,1000,trajectory
Enriched500,error_signature_repeat_k,k=2,UC_recall,0.1438223938223938,0.11088750499404594,0.17983478905735004,1000,trajectory
Enriched500,error_signature_repeat_k,k=2,PIIR,0.07335243553008595,0.05971167791529199,0.08791963120611446,1000,trajectory
Enriched500,error_signature_repeat_k,k=2,HN_FPR,0.024069802427038413,0.00904172039852221,0.05399093046050447,1000,trajectory
Enriched500,error_signature_repeat_k,k=2,burden,0.046744060890289846,0.030258699644756634,0.06806261285276728,1000,trajectory
Enriched500,error_signature_repeat_k,k=2,latency_mean,4.261744966442953,2.6840407470288623,7.109597353272803,1000,trajectory
Enriched500,error_signature_repeat_k,k=3,F1,0.11553423236514523,0.06288528878931186,0.17520907420209303,1000,trajectory
Enriched500,error_signature_repeat_k,k=3,UC_recall,0.05888030888030888,0.04385053500307876,0.07723911402556966,1000,trajectory
Enriched500,error_signature_repeat_k,k=3,PIIR,0.018911174785100286,0.012716579343691876,0.02574517420250492,1000,trajectory
Enriched500,error_signature_repeat_k,k=3,HN_FPR,0.014742753986561026,0.0017029690602991018,0.03910308367927146,1000,trajectory
Enriched500,error_signature_repeat_k,k=3,burden,0.03444299223495041,0.017988020542276488,0.054126023405916907,1000,trajectory
Enriched500,error_signature_repeat_k,k=3,latency_mean,7.426229508196721,3.8945382323733866,13.4345167163191,1000,trajectory
Enriched500,file_revisit_guard,window=5;repeats=3,F1,0.728715126209907,0.6992039431697997,0.7561193747242059,1000,trajectory
Enriched500,file_revisit_guard,window=5;repeats=3,UC_recall,0.8426640926640927,0.801958688584923,0.8800777866223398,1000,trajectory
Enriched500,file_revisit_guard,window=5;repeats=3,PIIR,0.5621776504297994,0.5347642216008307,0.5890956315189557,1000,trajectory
Enriched500,file_revisit_guard,window=5;repeats=3,HN_FPR,0.348711262661719,0.3158255849112494,0.3812088975644355,1000,trajectory
Enriched500,file_revisit_guard,window=5;repeats=3,burden,0.45425540093795647,0.4256099979745013,0.4837229987617638,1000,trajectory
Enriched500,file_revisit_guard,window=5;repeats=3,latency_mean,0.9152348224513173,0.7496759112015775,1.1057379814983317,1000,trajectory
Enriched500,file_revisit_guard,window=5;repeats=5,F1,0.6386081044816173,0.5944747635967849,0.6797487775665292,1000,trajectory
Enriched500,file_revisit_guard,window=5;repeats=5,UC_recall,0.5916988416988417,0.5328041765839283,0.6455493087432912,1000,trajectory
Enriched500,file_revisit_guard,window=5;repeats=5,PIIR,0.2532951289398281,0.2279367810650115,0.28000171821305847,1000,trajectory
Enriched500,file_revisit_guard,window=5;repeats=5,HN_FPR,0.16858890783271488,0.13628575483762262,0.2041376273165771,1000,trajectory
Enriched500,file_revisit_guard,window=5;repeats=5,burden,0.30099177366033675,0.2649459260176121,0.3364932915314744,1000,trajectory
Enriched500,file_revisit_guard,window=5;repeats=5,latency_mean,2.205546492659054,1.7911414192030328,2.6740191205706934,1000,trajectory
Enriched500,file_revisit_guard,window=10;repeats=3,F1,0.7406460099386144,0.7110741574821497,0.7643225055172834,1000,trajectory
Enriched500,file_revisit_guard,window=10;repeats=3,UC_recall,0.888996138996139,0.8472676717522795,0.9238012102052533,1000,trajectory
Enriched500,file_revisit_guard,window=10;repeats=3,PIIR,0.6234957020057307,0.5958776386152547,0.6510874251202985,1000,trajectory
Enriched500,file_revisit_guard,window=10;repeats=3,HN_FPR,0.40056162872329754,0.3671570309989509,0.43485410187131013,1000,trajectory
Enriched500,file_revisit_guard,window=10;repeats=3,burden,0.49358037979549474,0.4642330500419234,0.5211298840874473,1000,trajectory
Enriched500,file_revisit_guard,window=10;repeats=3,latency_mean,0.740499457111835,0.5985186615516396,0.9095222816399287,1000,trajectory
Enriched500,file_revisit_guard,window=10;repeats=5,F1,0.7214875370682055,0.6891959896317937,0.7525245590463278,1000,trajectory
Enriched500,file_revisit_guard,window=10;repeats=5,UC_recall,0.7712355212355212,0.7191796439905007,0.8197971469891558,1000,trajectory
Enriched500,file_revisit_guard,window=10;repeats=5,PIIR,0.41489971346704874,0.38633172484743294,0.4408748089435308,1000,trajectory
Enriched500,file_revisit_guard,window=10;repeats=5,HN_FPR,0.2710861498345201,0.23424001849648454,0.30744014447370155,1000,trajectory
Enriched500,file_revisit_guard,window=10;repeats=5,burden,0.4007841931267779,0.3643104333641358,0.4322476714399113,1000,trajectory
Enriched500,file_revisit_guard,window=10;repeats=5,latency_mean,1.1138923654568211,0.921577387234312,1.3664167280893302,1000,trajectory
Enriched500,repeat_without_progress_guard,base=exact_action;k=3;progress=runtime,F1,0.1974834190789066,0.13543798439621718,0.2592801688851007,1000,trajectory
Enriched500,repeat_without_progress_guard,base=exact_action;k=3;progress=runtime,UC_recall,0.10424710424710425,0.07526783071914768,0.14132216698678113,1000,trajectory
Enriched500,repeat_without_progress_guard,base=exact_action;k=3;progress=runtime,PIIR,0.019484240687679084,0.013195639701663799,0.026560993768946464,1000,trajectory
Enriched500,repeat_without_progress_guard,base=exact_action;k=3;progress=runtime,HN_FPR,0.0028081436164878147,0.0014235898328592296,0.004657450459462023,1000,trajectory
Enriched500,repeat_without_progress_guard,base=exact_action;k=3;progress=runtime,burden,0.06169754747443684,0.04061466678096286,0.08400625156284404,1000,trajectory
Enriched500,repeat_without_progress_guard,base=exact_action;k=3;progress=runtime,latency_mean,6.666666666666667,3.8989378319275225,10.886655211912943,1000,trajectory
Enriched500,repeat_without_progress_guard,base=tool;k=3;progress=runtime,F1,0.0,0.0,0.0,1000,trajectory
Enriched500,repeat_without_progress_guard,base=tool;k=3;progress=runtime,UC_recall,0.0,0.0,0.0,1000,trajectory
Enriched500,repeat_without_progress_guard,base=tool;k=3;progress=runtime,PIIR,0.0,0.0,0.0,1000,trajectory
Enriched500,repeat_without_progress_guard,base=tool;k=3;progress=runtime,HN_FPR,0.0,0.0,0.0,1000,trajectory
Enriched500,repeat_without_progress_guard,base=tool;k=3;progress=runtime,burden,0.0,0.0,0.0,1000,trajectory
Enriched500,repeat_without_progress_guard,base=tool;k=3;progress=runtime,latency_mean,,,,1000,trajectory
Enriched500,repeat_without_progress_guard,base=exact_action;k=3;progress=runtime_or_signal_proxy,F1,0.19348825649310303,0.130906992887714,0.2543931414178799,1000,trajectory
Enriched500,repeat_without_progress_guard,base=exact_action;k=3;progress=runtime_or_signal_proxy,UC_recall,0.10135135135135136,0.07176819125036442,0.1364831498911419,1000,trajectory
Enriched500,repeat_without_progress_guard,base=exact_action;k=3;progress=runtime_or_signal_proxy,PIIR,0.018911174785100286,0.012696409373786298,0.026060606060606062,1000,trajectory
Enriched500,repeat_without_progress_guard,base=exact_action;k=3;progress=runtime_or_signal_proxy,HN_FPR,0.0027078527730418213,0.0012183611616574603,0.004438500291278606,1000,trajectory
Enriched500,repeat_without_progress_guard,base=exact_action;k=3;progress=runtime_or_signal_proxy,burden,0.06019835473206735,0.038862671365486434,0.0824950679469529,1000,trajectory
Enriched500,repeat_without_progress_guard,base=exact_action;k=3;progress=runtime_or_signal_proxy,latency_mean,6.285714285714286,3.523214285714286,11.094603924418603,1000,trajectory
Enriched500,repeat_without_progress_guard,base=tool;k=3;progress=runtime_or_signal_proxy,F1,0.0,0.0,0.0,1000,trajectory
Enriched500,repeat_without_progress_guard,base=tool;k=3;progress=runtime_or_signal_proxy,UC_recall,0.0,0.0,0.0,1000,trajectory
Enriched500,repeat_without_progress_guard,base=tool;k=3;progress=runtime_or_signal_proxy,PIIR,0.0,0.0,0.0,1000,trajectory
Enriched500,repeat_without_progress_guard,base=tool;k=3;progress=runtime_or_signal_proxy,HN_FPR,0.0,0.0,0.0,1000,trajectory
Enriched500,repeat_without_progress_guard,base=tool;k=3;progress=runtime_or_signal_proxy,burden,0.0,0.0,0.0,1000,trajectory
Enriched500,repeat_without_progress_guard,base=tool;k=3;progress=runtime_or_signal_proxy,latency_mean,,,,1000,trajectory
StressFresh100,max_step_guard,threshold=25,F1,0.7019230769230769,0.590941637014024,0.7743469057477339,1000,trajectory
StressFresh100,max_step_guard,threshold=25,UC_recall,0.32460732984293195,0.2474924125578387,0.39896438478044693,1000,trajectory
StressFresh100,max_step_guard,threshold=25,PIIR,0.20930232558139536,0.13912707738794697,0.28102482011585317,1000,trajectory
StressFresh100,max_step_guard,threshold=25,HN_FPR,0.18376068376068377,0.09044489007724302,0.2768717583075813,1000,trajectory
StressFresh100,max_step_guard,threshold=25,burden,0.3499361430395913,0.265666175334605,0.4290601179454084,1000,trajectory
StressFresh100,max_step_guard,threshold=25,latency_mean,2.0806451612903225,1.0460416666666668,3.50966107617051,1000,trajectory
StressFresh100,max_step_guard,threshold=50,F1,0.40068104426787743,0.17586586075623276,0.5431247605669773,1000,trajectory
StressFresh100,max_step_guard,threshold=50,UC_recall,0.07329842931937172,0.03959425354300136,0.1129215542521994,1000,trajectory
StressFresh100,max_step_guard,threshold=50,PIIR,0.01937984496124031,0.0035842293906810036,0.039858695652173905,1000,trajectory
StressFresh100,max_step_guard,threshold=50,HN_FPR,0.0,0.0,0.0,1000,trajectory
StressFresh100,max_step_guard,threshold=50,burden,0.11558109833971902,0.04135771098090888,0.1866457940116291,1000,trajectory
StressFresh100,max_step_guard,threshold=50,latency_mean,20.214285714285715,12.85654761904762,29.001923076923074,1000,trajectory
StressFresh100,max_step_guard,threshold=75,F1,0.2131461391193363,0.0,0.3694115245828285,1000,trajectory
StressFresh100,max_step_guard,threshold=75,UC_recall,0.015706806282722512,0.0,0.03429064039408867,1000,trajectory
StressFresh100,max_step_guard,threshold=75,PIIR,0.0,0.0,0.0,1000,trajectory
StressFresh100,max_step_guard,threshold=75,HN_FPR,0.0,0.0,0.0,1000,trajectory
StressFresh100,max_step_guard,threshold=75,burden,0.05332056194125159,0.0,0.11157384483197555,1000,trajectory
StressFresh100,max_step_guard,threshold=75,latency_mean,48.333333333333336,36.0,60.0,1000,trajectory
StressFresh100,max_step_guard,threshold=100,F1,0.12709030100334448,0.0,0.2479541884074719,1000,trajectory
StressFresh100,max_step_guard,threshold=100,UC_recall,0.010471204188481676,0.0,0.026319270398217763,1000,trajectory
StressFresh100,max_step_guard,threshold=100,PIIR,0.0,0.0,0.0,1000,trajectory
StressFresh100,max_step_guard,threshold=100,HN_FPR,0.0,0.0,0.0,1000,trajectory
StressFresh100,max_step_guard,threshold=100,burden,0.03033205619412516,0.0,0.06953321432163331,1000,trajectory
StressFresh100,max_step_guard,threshold=100,latency_mean,73.0,61.0,85.0,1000,trajectory
StressFresh100,max_step_guard,threshold=150,F1,0.0,0.0,0.0,1000,trajectory
StressFresh100,max_step_guard,threshold=150,UC_recall,0.0,0.0,0.0,1000,trajectory
StressFresh100,max_step_guard,threshold=150,PIIR,0.0,0.0,0.0,1000,trajectory
StressFresh100,max_step_guard,threshold=150,HN_FPR,0.0,0.0,0.0,1000,trajectory
StressFresh100,max_step_guard,threshold=150,burden,0.0,0.0,0.0,1000,trajectory
StressFresh100,max_step_guard,threshold=150,latency_mean,,,,1000,trajectory
StressFresh100,max_step_guard,threshold=200,F1,0.0,0.0,0.0,1000,trajectory
StressFresh100,max_step_guard,threshold=200,UC_recall,0.0,0.0,0.0,1000,trajectory
StressFresh100,max_step_guard,threshold=200,PIIR,0.0,0.0,0.0,1000,trajectory
StressFresh100,max_step_guard,threshold=200,HN_FPR,0.0,0.0,0.0,1000,trajectory
StressFresh100,max_step_guard,threshold=200,burden,0.0,0.0,0.0,1000,trajectory
StressFresh100,max_step_guard,threshold=200,latency_mean,,,,1000,trajectory
StressFresh100,exact_action_repeat_k,k=2,F1,0.348993288590604,0.15757827443873956,0.5332942110926144,1000,trajectory
StressFresh100,exact_action_repeat_k,k=2,UC_recall,0.2356020942408377,0.16841970998925887,0.3101578488592435,1000,trajectory
StressFresh100,exact_action_repeat_k,k=2,PIIR,0.11627906976744186,0.07062791597016042,0.17227252970153578,1000,trajectory
StressFresh100,exact_action_repeat_k,k=2,HN_FPR,0.09401709401709402,0.048011936098756466,0.15731815493790655,1000,trajectory
StressFresh100,exact_action_repeat_k,k=2,burden,0.12388250319284802,0.06443301172541457,0.1968681054470149,1000,trajectory
StressFresh100,exact_action_repeat_k,k=2,latency_mean,1.2222222222222223,1.0,1.4815412186379926,1000,trajectory
StressFresh100,exact_action_repeat_k,k=3,F1,0.3071512309495897,0.1221219191217289,0.4905965282216116,1000,trajectory
StressFresh100,exact_action_repeat_k,k=3,UC_recall,0.13089005235602094,0.08153689462103222,0.1862863217576187,1000,trajectory
StressFresh100,exact_action_repeat_k,k=3,PIIR,0.07364341085271318,0.04234298297930908,0.10646431840585832,1000,trajectory
StressFresh100,exact_action_repeat_k,k=3,HN_FPR,0.0641025641025641,0.022328210168885712,0.11086601307189542,1000,trajectory
StressFresh100,exact_action_repeat_k,k=3,burden,0.09770114942528736,0.042930851052391646,0.1664212718094294,1000,trajectory
StressFresh100,exact_action_repeat_k,k=3,latency_mean,2.12,1.7083333333333333,2.5501388888888887,1000,trajectory
StressFresh100,exact_action_repeat_k,k=4,F1,0.2865743527995184,0.10878211335085447,0.48448378621479676,1000,trajectory
StressFresh100,exact_action_repeat_k,k=4,UC_recall,0.09947643979057591,0.055292050691244245,0.15304630725029572,1000,trajectory
StressFresh100,exact_action_repeat_k,k=4,PIIR,0.03875968992248062,0.01532420812494516,0.064153595514132,1000,trajectory
StressFresh100,exact_action_repeat_k,k=4,HN_FPR,0.038461538461538464,0.007744243753246004,0.08305871813057598,1000,trajectory
StressFresh100,exact_action_repeat_k,k=4,burden,0.08333333333333333,0.03191080363271031,0.15854347966502122,1000,trajectory
StressFresh100,exact_action_repeat_k,k=4,latency_mean,2.736842105263158,2.25,3.0714285714285716,1000,trajectory
StressFresh100,tool_repeat_k,k=2,F1,0.5283326538931921,0.40966021463422264,0.6340027512981476,1000,trajectory
StressFresh100,tool_repeat_k,k=2,UC_recall,0.581151832460733,0.5022260273972603,0.6651116427432217,1000,trajectory
StressFresh100,tool_repeat_k,k=2,PIIR,0.5155038759689923,0.45120457719571,0.5817063728890107,1000,trajectory
StressFresh100,tool_repeat_k,k=2,HN_FPR,0.24786324786324787,0.1891853573800644,0.32207907137110675,1000,trajectory
StressFresh100,tool_repeat_k,k=2,burden,0.33620689655172414,0.2732584129427907,0.4043956043956044,1000,trajectory
StressFresh100,tool_repeat_k,k=2,latency_mean,1.1081081081081081,0.8197591069330199,1.4127623083131557,1000,trajectory
StressFresh100,tool_repeat_k,k=3,F1,0.44641975308641973,0.2660256125369857,0.5903084249003274,1000,trajectory
StressFresh100,tool_repeat_k,k=3,UC_recall,0.29842931937172773,0.2275132275132275,0.37640614672835426,1000,trajectory
StressFresh100,tool_repeat_k,k=3,PIIR,0.28294573643410853,0.2284271510940272,0.3432851835244379,1000,trajectory
StressFresh100,tool_repeat_k,k=3,HN_FPR,0.13675213675213677,0.09048723897911833,0.1940119342347489,1000,trajectory
StressFresh100,tool_repeat_k,k=3,burden,0.1995530012771392,0.1312775647512448,0.27129784690347597,1000,trajectory
StressFresh100,tool_repeat_k,k=3,latency_mean,1.4736842105263157,1.1249451754385964,1.8491264849755416,1000,trajectory
StressFresh100,tool_repeat_k,k=4,F1,0.41764080765143463,0.22837456294490702,0.5818925237873733,1000,trajectory
StressFresh100,tool_repeat_k,k=4,UC_recall,0.225130890052356,0.16581288137114142,0.29350326753801015,1000,trajectory
StressFresh100,tool_repeat_k,k=4,PIIR,0.15891472868217055,0.11439084243783615,0.20464032533704665,1000,trajectory
StressFresh100,tool_repeat_k,k=4,HN_FPR,0.06196581196581197,0.030895635263612792,0.10833881578947369,1000,trajectory
StressFresh100,tool_repeat_k,k=4,burden,0.15389527458492977,0.08882305272023454,0.23426745255206968,1000,trajectory
StressFresh100,tool_repeat_k,k=4,latency_mean,2.3255813953488373,1.9166666666666667,2.6666666666666665,1000,trajectory
StressFresh100,tool_sequence_repeat,window=2,F1,0.5504183179216204,0.4072885230203104,0.6608735519170719,1000,trajectory
StressFresh100,tool_sequence_repeat,window=2,UC_recall,0.42408376963350786,0.3501825195464195,0.4910306505632802,1000,trajectory
StressFresh100,tool_sequence_repeat,window=2,PIIR,0.3488372093023256,0.2877630395683453,0.4075739495798319,1000,trajectory
StressFresh100,tool_sequence_repeat,window=2,HN_FPR,0.22863247863247863,0.15879378780241934,0.2882176264683779,1000,trajectory
StressFresh100,tool_sequence_repeat,window=2,burden,0.2780970625798212,0.20367623106632712,0.3533468673331076,1000,trajectory
StressFresh100,tool_sequence_repeat,window=2,latency_mean,1.7407407407407407,1.287407162898168,2.263227883538634,1000,trajectory
StressFresh100,tool_sequence_repeat,window=3,F1,0.49562982005141387,0.31896934379409236,0.6370345594826419,1000,trajectory
StressFresh100,tool_sequence_repeat,window=3,UC_recall,0.2198952879581152,0.15728644916745635,0.2894772792637331,1000,trajectory
StressFresh100,tool_sequence_repeat,window=3,PIIR,0.09689922480620156,0.05776173285198556,0.13334008097165992,1000,trajectory
StressFresh100,tool_sequence_repeat,window=3,HN_FPR,0.05982905982905983,0.017542763157894735,0.10547764628054149,1000,trajectory
StressFresh100,tool_sequence_repeat,window=3,burden,0.17401021711366538,0.09891898450490454,0.25295236989963343,1000,trajectory
StressFresh100,tool_sequence_repeat,window=3,latency_mean,3.2857142857142856,2.5206330128205128,4.057720588235294,1000,trajectory
StressFresh100,tool_sequence_repeat,window=4,F1,0.467733608673206,0.26924259600804495,0.6176366743700652,1000,trajectory
StressFresh100,tool_sequence_repeat,window=4,UC_recall,0.16753926701570682,0.1105401408958669,0.2359607023883462,1000,trajectory
StressFresh100,tool_sequence_repeat,window=4,PIIR,0.11627906976744186,0.0683331192189106,0.17183793629278207,1000,trajectory
StressFresh100,tool_sequence_repeat,window=4,HN_FPR,0.09188034188034189,0.046191388484627977,0.13334249084249084,1000,trajectory
StressFresh100,tool_sequence_repeat,window=4,burden,0.171455938697318,0.09925319752136325,0.24818304668304667,1000,trajectory
StressFresh100,tool_sequence_repeat,window=4,latency_mean,3.1875,2.1160947712418303,4.468987771739131,1000,trajectory
StressFresh100,action_observation_repeat_exact,exact_pair_k=2,F1,0.2765826674861709,0.07657597459874603,0.46925269865947017,1000,trajectory
StressFresh100,action_observation_repeat_exact,exact_pair_k=2,UC_recall,0.13612565445026178,0.08596256684491979,0.19672131147540983,1000,trajectory
StressFresh100,action_observation_repeat_exact,exact_pair_k=2,PIIR,0.0,0.0,0.0,1000,trajectory
StressFresh100,action_observation_repeat_exact,exact_pair_k=2,HN_FPR,0.0,0.0,0.0,1000,trajectory
StressFresh100,action_observation_repeat_exact,exact_pair_k=2,burden,0.07247765006385697,0.01801712029423336,0.14809669533714748,1000,trajectory
StressFresh100,action_observation_repeat_exact,exact_pair_k=2,latency_mean,1.3076923076923077,1.0384615384615385,1.6296783625730993,1000,trajectory
StressFresh100,action_observation_similarity,tfidf_adjacent>=0.9,F1,0.3593582887700535,0.20272238204833143,0.5164584122175943,1000,trajectory
StressFresh100,action_observation_similarity,tfidf_adjacent>=0.9,UC_recall,0.36649214659685864,0.30432206882340823,0.43602273873147124,1000,trajectory
StressFresh100,action_observation_similarity,tfidf_adjacent>=0.9,PIIR,0.28294573643410853,0.2252913378936161,0.3488499035239159,1000,trajectory
StressFresh100,action_observation_similarity,tfidf_adjacent>=0.9,HN_FPR,0.10042735042735043,0.06834123610202747,0.13757646432567033,1000,trajectory
StressFresh100,action_observation_similarity,tfidf_adjacent>=0.9,burden,0.1500638569604087,0.09452581590743481,0.2193731312150109,1000,trajectory
StressFresh100,action_observation_similarity,tfidf_adjacent>=0.9,latency_mean,1.8285714285714285,1.2856660231660233,2.4445652173913044,1000,trajectory
StressFresh100,action_observation_similarity,tfidf_adjacent>=0.95,F1,0.32657657657657657,0.15484390109131096,0.5063532997581589,1000,trajectory
StressFresh100,action_observation_similarity,tfidf_adjacent>=0.95,UC_recall,0.29842931937172773,0.2300171676827132,0.375,1000,trajectory
StressFresh100,action_observation_similarity,tfidf_adjacent>=0.95,PIIR,0.19767441860465115,0.1386787995307612,0.25515032418509637,1000,trajectory
StressFresh100,action_observation_similarity,tfidf_adjacent>=0.95,HN_FPR,0.07905982905982906,0.04812513368983957,0.11494804421205904,1000,trajectory
StressFresh100,action_observation_similarity,tfidf_adjacent>=0.95,burden,0.12005108556832694,0.06573408588163976,0.19384039351114551,1000,trajectory
StressFresh100,action_observation_similarity,tfidf_adjacent>=0.95,latency_mean,2.1403508771929824,1.5517241379310345,2.830267295597484,1000,trajectory
StressFresh100,action_observation_similarity,tfidf_adjacent>=0.98,F1,0.3159117305458769,0.13424691963464722,0.49847612902308924,1000,trajectory
StressFresh100,action_observation_similarity,tfidf_adjacent>=0.98,UC_recall,0.2513089005235602,0.1885672877846791,0.32335403819227215,1000,trajectory
StressFresh100,action_observation_similarity,tfidf_adjacent>=0.98,PIIR,0.12015503875968993,0.08052730672677903,0.16304688921229762,1000,trajectory
StressFresh100,action_observation_similarity,tfidf_adjacent>=0.98,HN_FPR,0.042735042735042736,0.018096930288825044,0.07649798116431389,1000,trajectory
StressFresh100,action_observation_similarity,tfidf_adjacent>=0.98,burden,0.10280970625798212,0.049448208406421564,0.17628534568368173,1000,trajectory
StressFresh100,action_observation_similarity,tfidf_adjacent>=0.98,latency_mean,1.9375,1.4254199328107502,2.541815476190476,1000,trajectory
StressFresh100,error_signature_repeat_k,k=2,F1,0.31420289855072464,0.1308582481348439,0.5025924378417413,1000,trajectory
StressFresh100,error_signature_repeat_k,k=2,UC_recall,0.23036649214659685,0.16417067206341177,0.30057803468208094,1000,trajectory
StressFresh100,error_signature_repeat_k,k=2,PIIR,0.1434108527131783,0.0970055186253606,0.19173519736842104,1000,trajectory
StressFresh100,error_signature_repeat_k,k=2,HN_FPR,0.049145299145299144,0.024388894884524066,0.08390798424633011,1000,trajectory
StressFresh100,error_signature_repeat_k,k=2,burden,0.10376756066411238,0.0496748410025915,0.1793199272610679,1000,trajectory
StressFresh100,error_signature_repeat_k,k=2,latency_mean,1.5681818181818181,1.0688718140929534,2.1002027027027026,1000,trajectory
StressFresh100,error_signature_repeat_k,k=3,F1,0.26370918052988296,0.07157754837983799,0.4589397107025848,1000,trajectory
StressFresh100,error_signature_repeat_k,k=3,UC_recall,0.10471204188481675,0.0621408393866021,0.15204996186117467,1000,trajectory
StressFresh100,error_signature_repeat_k,k=3,PIIR,0.023255813953488372,0.007811740029182879,0.042020026401365144,1000,trajectory
StressFresh100,error_signature_repeat_k,k=3,HN_FPR,0.01282051282051282,0.0,0.031505230044773805,1000,trajectory
StressFresh100,error_signature_repeat_k,k=3,burden,0.07120051085568327,0.018969357646936125,0.14148277736144582,1000,trajectory
StressFresh100,error_signature_repeat_k,k=3,latency_mean,2.2,1.6796666666666666,2.800192307692307,1000,trajectory
StressFresh100,file_revisit_guard,window=5;repeats=3,F1,0.6436781609195402,0.5540517806522494,0.7220726973684211,1000,trajectory
StressFresh100,file_revisit_guard,window=5;repeats=3,UC_recall,0.9476439790575916,0.9095391880156317,0.9791720360824742,1000,trajectory
StressFresh100,file_revisit_guard,window=5;repeats=3,PIIR,0.8449612403100775,0.7900708042925103,0.8955823293172691,1000,trajectory
StressFresh100,file_revisit_guard,window=5;repeats=3,HN_FPR,0.7670940170940171,0.7175211205524402,0.8126612820299378,1000,trajectory
StressFresh100,file_revisit_guard,window=5;repeats=3,burden,0.7196679438058748,0.672841727096096,0.7674808574999737,1000,trajectory
StressFresh100,file_revisit_guard,window=5;repeats=3,latency_mean,0.287292817679558,0.17045142357642357,0.4145251946792715,1000,trajectory
StressFresh100,file_revisit_guard,window=5;repeats=5,F1,0.6330243734981119,0.4986495426626452,0.7301071031116142,1000,trajectory
StressFresh100,file_revisit_guard,window=5;repeats=5,UC_recall,0.6596858638743456,0.5773561861574062,0.744946396280031,1000,trajectory
StressFresh100,file_revisit_guard,window=5;repeats=5,PIIR,0.5891472868217055,0.5158581434979826,0.6610976344366116,1000,trajectory
StressFresh100,file_revisit_guard,window=5;repeats=5,HN_FPR,0.5192307692307693,0.4534492397137746,0.5835062410663074,1000,trajectory
StressFresh100,file_revisit_guard,window=5;repeats=5,burden,0.4830779054916986,0.403141402402431,0.5621514004353183,1000,trajectory
StressFresh100,file_revisit_guard,window=5;repeats=5,latency_mean,1.0317460317460319,0.6733717834960071,1.4693921916592725,1000,trajectory
StressFresh100,file_revisit_guard,window=10;repeats=3,F1,0.652127659574468,0.5666093973708187,0.7260303096093369,1000,trajectory
StressFresh100,file_revisit_guard,window=10;repeats=3,UC_recall,0.9581151832460733,0.919591911168747,0.9891891891891892,1000,trajectory
StressFresh100,file_revisit_guard,window=10;repeats=3,PIIR,0.8682170542635659,0.8201113022625378,0.9166749011857707,1000,trajectory
StressFresh100,file_revisit_guard,window=10;repeats=3,HN_FPR,0.7970085470085471,0.7462458925531494,0.8420442118418997,1000,trajectory
StressFresh100,file_revisit_guard,window=10;repeats=3,burden,0.7535121328224776,0.7097346825295647,0.7919531159921596,1000,trajectory
StressFresh100,file_revisit_guard,window=10;repeats=3,latency_mean,0.26229508196721313,0.14903013949699623,0.38496600474854303,1000,trajectory
StressFresh100,file_revisit_guard,window=10;repeats=5,F1,0.657315906917437,0.5584316384534529,0.7352533767602261,1000,trajectory
StressFresh100,file_revisit_guard,window=10;repeats=5,UC_recall,0.7486910994764397,0.6718710542929293,0.8289243109831345,1000,trajectory
StressFresh100,file_revisit_guard,window=10;repeats=5,PIIR,0.689922480620155,0.6286458333333333,0.7561114717611055,1000,trajectory
StressFresh100,file_revisit_guard,window=10;repeats=5,HN_FPR,0.5918803418803419,0.5267059493559976,0.6563115813520094,1000,trajectory
StressFresh100,file_revisit_guard,window=10;repeats=5,burden,0.5545977011494253,0.4922122673580002,0.6158023956277979,1000,trajectory
StressFresh100,file_revisit_guard,window=10;repeats=5,latency_mean,0.8601398601398601,0.5645597908584922,1.211713503004595,1000,trajectory
StressFresh100,repeat_without_progress_guard,base=exact_action;k=3;progress=runtime,F1,0.2562189054726368,0.059633449498960364,0.4635406608349855,1000,trajectory
StressFresh100,repeat_without_progress_guard,base=exact_action;k=3;progress=runtime,UC_recall,0.09947643979057591,0.06121672019061432,0.14364720264177303,1000,trajectory
StressFresh100,repeat_without_progress_guard,base=exact_action;k=3;progress=runtime,PIIR,0.003875968992248062,0.0,0.012195121951219513,1000,trajectory
StressFresh100,repeat_without_progress_guard,base=exact_action;k=3;progress=runtime,HN_FPR,0.0,0.0,0.0,1000,trajectory
StressFresh100,repeat_without_progress_guard,base=exact_action;k=3;progress=runtime,burden,0.06641123882503193,0.013526468110158762,0.14321056958308864,1000,trajectory
StressFresh100,repeat_without_progress_guard,base=exact_action;k=3;progress=runtime,latency_mean,3.3684210526315788,2.25,4.866874999999999,1000,trajectory
StressFresh100,repeat_without_progress_guard,base=tool;k=3;progress=runtime,F1,0.2732307692307692,0.08152340713596995,0.48031823936309975,1000,trajectory
StressFresh100,repeat_without_progress_guard,base=tool;k=3;progress=runtime,UC_recall,0.14136125654450263,0.0895301816042938,0.19760972560373757,1000,trajectory
StressFresh100,repeat_without_progress_guard,base=tool;k=3;progress=runtime,PIIR,0.003875968992248062,0.0,0.013563981594734691,1000,trajectory
StressFresh100,repeat_without_progress_guard,base=tool;k=3;progress=runtime,HN_FPR,0.0,0.0,0.0,1000,trajectory
StressFresh100,repeat_without_progress_guard,base=tool;k=3;progress=runtime,burden,0.07183908045977011,0.019010589489074657,0.14862615283148745,1000,trajectory
StressFresh100,repeat_without_progress_guard,base=tool;k=3;progress=runtime,latency_mean,7.074074074074074,3.346130434782609,11.90957792207792,1000,trajectory
StressFresh100,repeat_without_progress_guard,base=exact_action;k=3;progress=runtime_or_signal_proxy,F1,0.2562189054726368,0.06695050946142649,0.44921708112515274,1000,trajectory
StressFresh100,repeat_without_progress_guard,base=exact_action;k=3;progress=runtime_or_signal_proxy,UC_recall,0.09947643979057591,0.06217616580310881,0.14596221876326587,1000,trajectory
StressFresh100,repeat_without_progress_guard,base=exact_action;k=3;progress=runtime_or_signal_proxy,PIIR,0.003875968992248062,0.0,0.01255361977426954,1000,trajectory
StressFresh100,repeat_without_progress_guard,base=exact_action;k=3;progress=runtime_or_signal_proxy,HN_FPR,0.0,0.0,0.0,1000,trajectory
StressFresh100,repeat_without_progress_guard,base=exact_action;k=3;progress=runtime_or_signal_proxy,burden,0.06641123882503193,0.01476518533642986,0.1334152931967484,1000,trajectory
StressFresh100,repeat_without_progress_guard,base=exact_action;k=3;progress=runtime_or_signal_proxy,latency_mean,3.3684210526315788,2.26625,5.0,1000,trajectory
StressFresh100,repeat_without_progress_guard,base=tool;k=3;progress=runtime_or_signal_proxy,F1,0.2732307692307692,0.08522875320962825,0.47281009143568375,1000,trajectory
StressFresh100,repeat_without_progress_guard,base=tool;k=3;progress=runtime_or_signal_proxy,UC_recall,0.14136125654450263,0.09090909090909091,0.19889204545454542,1000,trajectory
StressFresh100,repeat_without_progress_guard,base=tool;k=3;progress=runtime_or_signal_proxy,PIIR,0.003875968992248062,0.0,0.01255629033401886,1000,trajectory
StressFresh100,repeat_without_progress_guard,base=tool;k=3;progress=runtime_or_signal_proxy,HN_FPR,0.0,0.0,0.0,1000,trajectory
StressFresh100,repeat_without_progress_guard,base=tool;k=3;progress=runtime_or_signal_proxy,burden,0.07183908045977011,0.019365134040960737,0.14607651615017106,1000,trajectory
StressFresh100,repeat_without_progress_guard,base=tool;k=3;progress=runtime_or_signal_proxy,latency_mean,7.074074074074074,3.2305555555555556,11.528869047619047,1000,trajectory
OpenHandsExternal330,max_step_guard,threshold=25,F1,0.0028735632183908046,0.0003687318961241867,0.00637392552037195,1000,trajectory
OpenHandsExternal330,max_step_guard,threshold=25,UC_recall,1.0,1.0,1.0,1000,trajectory
OpenHandsExternal330,max_step_guard,threshold=25,PIIR,1.0,1.0,1.0,1000,trajectory
OpenHandsExternal330,max_step_guard,threshold=25,HN_FPR,1.0,1.0,1.0,1000,trajectory
OpenHandsExternal330,max_step_guard,threshold=25,burden,0.844736326210547,0.8400864985378914,0.8488954774477249,1000,trajectory
OpenHandsExternal330,max_step_guard,threshold=25,latency_mean,0.0,0.0,0.0,1000,trajectory
OpenHandsExternal330,max_step_guard,threshold=50,F1,0.003552804996848318,0.00044511838784926284,0.007589644332882007,1000,trajectory
OpenHandsExternal330,max_step_guard,threshold=50,UC_recall,1.0,1.0,1.0,1000,trajectory
OpenHandsExternal330,max_step_guard,threshold=50,PIIR,0.9975845410628019,0.992608999338284,1.0,1000,trajectory
OpenHandsExternal330,max_step_guard,threshold=50,HN_FPR,1.0,1.0,1.0,1000,trajectory
OpenHandsExternal330,max_step_guard,threshold=50,burden,0.6830033326798667,0.674568985022755,0.6915723134331778,1000,trajectory
OpenHandsExternal330,max_step_guard,threshold=50,latency_mean,0.0,0.0,0.0,1000,trajectory
OpenHandsExternal330,max_step_guard,threshold=75,F1,0.004651337259462095,0.0005925629683254305,0.01022772019011945,1000,trajectory
OpenHandsExternal330,max_step_guard,threshold=75,UC_recall,1.0,1.0,1.0,1000,trajectory
OpenHandsExternal330,max_step_guard,threshold=75,PIIR,0.9758454106280193,0.9605810385205524,0.990362601485077,1000,trajectory
OpenHandsExternal330,max_step_guard,threshold=75,HN_FPR,0.9938987187309335,0.9848287296664877,1.0,1000,trajectory
OpenHandsExternal330,max_step_guard,threshold=75,burden,0.5214075671436973,0.5081006915070576,0.5336895783941645,1000,trajectory
OpenHandsExternal330,max_step_guard,threshold=75,latency_mean,0.0,0.0,0.0,1000,trajectory
OpenHandsExternal330,max_step_guard,threshold=100,F1,0.003407517836226174,0.0,0.00836386840706482,1000,trajectory
OpenHandsExternal330,max_step_guard,threshold=100,UC_recall,0.6,0.0,1.0,1000,trajectory
OpenHandsExternal330,max_step_guard,threshold=100,PIIR,0.8864734299516909,0.8567740826673542,0.9174534026378458,1000,trajectory
OpenHandsExternal330,max_step_guard,threshold=100,HN_FPR,0.9377669310555217,0.8803852752181803,0.9827539489626684,1000,trajectory
OpenHandsExternal330,max_step_guard,threshold=100,burden,0.3669868653205254,0.35103432893754916,0.3836416115192384,1000,trajectory
OpenHandsExternal330,max_step_guard,threshold=100,latency_mean,3.0,0.0,9.0,1000,trajectory
OpenHandsExternal330,max_step_guard,threshold=150,F1,0.007901668129938543,0.0,0.022709541660442187,1000,trajectory
OpenHandsExternal330,max_step_guard,threshold=150,UC_recall,0.4,0.0,1.0,1000,trajectory
OpenHandsExternal330,max_step_guard,threshold=150,PIIR,0.5362318840579711,0.4858369765301427,0.5853242658618593,1000,trajectory
OpenHandsExternal330,max_step_guard,threshold=150,HN_FPR,0.4478340451494814,0.34098042431357883,0.5545606535540474,1000,trajectory
OpenHandsExternal330,max_step_guard,threshold=150,burden,0.1327582826896687,0.1207118674524915,0.14525702891313821,1000,trajectory
OpenHandsExternal330,max_step_guard,threshold=150,latency_mean,0.0,0.0,0.0,1000,trajectory
OpenHandsExternal330,max_step_guard,threshold=200,F1,0.0,0.0,0.0,1000,trajectory
OpenHandsExternal330,max_step_guard,threshold=200,UC_recall,0.0,0.0,0.0,1000,trajectory
OpenHandsExternal330,max_step_guard,threshold=200,PIIR,0.10628019323671498,0.07801418439716312,0.13717429483934274,1000,trajectory
OpenHandsExternal330,max_step_guard,threshold=200,HN_FPR,0.0036607687614399025,0.0006598616184956175,0.007785532799399392,1000,trajectory
OpenHandsExternal330,max_step_guard,threshold=200,burden,0.0033718878651244856,0.002788405056936074,0.0039051231685100665,1000,trajectory
OpenHandsExternal330,max_step_guard,threshold=200,latency_mean,,,,1000,trajectory
