dataset,within_0_01,within_0_02,detector_a,config_a,F1_a,PIIR_a,HN_FPR_a,detector_b,config_b,F1_b,PIIR_b,HN_FPR_b,abs_F1_diff,abs_PIIR_diff,abs_HN_FPR_diff
Natural500,True,True,max_step_guard,threshold=150,0.0,0.0,0.0,max_step_guard,threshold=200,0.0,0.0,0.0,0.0,0.0,0.0
Enriched500,True,True,max_step_guard,threshold=50,0.7192307692307692,0.101432664756447,0.11834319526627218,file_revisit_guard,window=5;repeats=3,0.728715126209907,0.5621776504297994,0.348711262661719,0.009484356979137742,0.4607449856733524,0.2303680673954468
Enriched500,True,True,max_step_guard,threshold=50,0.7192307692307692,0.101432664756447,0.11834319526627218,file_revisit_guard,window=10;repeats=5,0.7214875370682055,0.41489971346704874,0.2710861498345201,0.0022567678374362243,0.3134670487106017,0.15274295456824794
Enriched500,False,True,file_revisit_guard,window=10;repeats=3,0.7406460099386144,0.6234957020057307,0.40056162872329754,file_revisit_guard,window=10;repeats=5,0.7214875370682055,0.41489971346704874,0.2710861498345201,0.01915847287040895,0.20859598853868194,0.12947547888877742
Enriched500,True,True,file_revisit_guard,window=5;repeats=3,0.728715126209907,0.5621776504297994,0.348711262661719,file_revisit_guard,window=10;repeats=5,0.7214875370682055,0.41489971346704874,0.2710861498345201,0.007227589141701518,0.14727793696275066,0.07762511282719886
Enriched500,False,True,max_step_guard,threshold=100,0.28769701246765467,0.010315186246418338,0.010029084344599338,action_observation_similarity,tfidf_adjacent>=0.98,0.27461384270722794,0.08825214899713467,0.015845953264466955,0.013083169760426727,0.07793696275071633,0.005816868919867617
Enriched500,False,True,file_revisit_guard,window=5;repeats=3,0.728715126209907,0.5621776504297994,0.348711262661719,file_revisit_guard,window=10;repeats=3,0.7406460099386144,0.6234957020057307,0.40056162872329754,0.011930883728707431,0.06131805157593129,0.05185036606157856
Enriched500,False,True,exact_action_repeat_k,k=4,0.18604941352632892,0.012607449856733524,0.0014040718082439074,action_observation_repeat_exact,exact_pair_k=2,0.19782124288190145,0.04011461318051576,0.007220940728111524,0.011771829355572527,0.02750716332378224,0.005816868919867616
Enriched500,True,True,action_observation_repeat_exact,exact_pair_k=2,0.19782124288190145,0.04011461318051576,0.007220940728111524,repeat_without_progress_guard,base=exact_action;k=3;progress=runtime_or_signal_proxy,0.19348825649310303,0.018911174785100286,0.0027078527730418213,0.004332986388798421,0.021203438395415476,0.004513087955069703
Enriched500,True,True,action_observation_repeat_exact,exact_pair_k=2,0.19782124288190145,0.04011461318051576,0.007220940728111524,repeat_without_progress_guard,base=exact_action;k=3;progress=runtime,0.1974834190789066,0.019484240687679084,0.0028081436164878147,0.00033782380299485215,0.02063037249283668,0.004412797111623709
Enriched500,False,True,exact_action_repeat_k,k=3,0.20504595644932452,0.028080229226361032,0.0038110520509477483,exact_action_repeat_k,k=4,0.18604941352632892,0.012607449856733524,0.0014040718082439074,0.018996542922995602,0.015472779369627508,0.002406980242703841
Enriched500,True,True,exact_action_repeat_k,k=3,0.20504595644932452,0.028080229226361032,0.0038110520509477483,action_observation_repeat_exact,exact_pair_k=2,0.19782124288190145,0.04011461318051576,0.007220940728111524,0.0072247135674230745,0.01203438395415473,0.0034098886771637754
Enriched500,False,True,exact_action_repeat_k,k=3,0.20504595644932452,0.028080229226361032,0.0038110520509477483,repeat_without_progress_guard,base=exact_action;k=3;progress=runtime_or_signal_proxy,0.19348825649310303,0.018911174785100286,0.0027078527730418213,0.011557699956221495,0.009169054441260746,0.001103199277905927
Enriched500,True,True,exact_action_repeat_k,k=3,0.20504595644932452,0.028080229226361032,0.0038110520509477483,repeat_without_progress_guard,base=exact_action;k=3;progress=runtime,0.1974834190789066,0.019484240687679084,0.0028081436164878147,0.007562537370417927,0.008595988538681949,0.0010029084344599336
Enriched500,False,True,exact_action_repeat_k,k=4,0.18604941352632892,0.012607449856733524,0.0014040718082439074,repeat_without_progress_guard,base=exact_action;k=3;progress=runtime,0.1974834190789066,0.019484240687679084,0.0028081436164878147,0.011434005552577675,0.00687679083094556,0.0014040718082439074
Enriched500,True,True,exact_action_repeat_k,k=4,0.18604941352632892,0.012607449856733524,0.0014040718082439074,repeat_without_progress_guard,base=exact_action;k=3;progress=runtime_or_signal_proxy,0.19348825649310303,0.018911174785100286,0.0027078527730418213,0.007438842966774106,0.006303724928366762,0.001303780964797914
Enriched500,True,True,repeat_without_progress_guard,base=exact_action;k=3;progress=runtime,0.1974834190789066,0.019484240687679084,0.0028081436164878147,repeat_without_progress_guard,base=exact_action;k=3;progress=runtime_or_signal_proxy,0.19348825649310303,0.018911174785100286,0.0027078527730418213,0.003995162585803569,0.0005730659025787975,0.00010029084344599344
Enriched500,True,True,max_step_guard,threshold=200,0.00013765572303668525,0.0,0.0,repeat_without_progress_guard,base=tool;k=3;progress=runtime,0.0,0.0,0.0,0.00013765572303668525,0.0,0.0
Enriched500,True,True,max_step_guard,threshold=200,0.00013765572303668525,0.0,0.0,repeat_without_progress_guard,base=tool;k=3;progress=runtime_or_signal_proxy,0.0,0.0,0.0,0.00013765572303668525,0.0,0.0
Enriched500,True,True,repeat_without_progress_guard,base=tool;k=3;progress=runtime,0.0,0.0,0.0,repeat_without_progress_guard,base=tool;k=3;progress=runtime_or_signal_proxy,0.0,0.0,0.0,0.0,0.0,0.0
StressFresh100,False,True,file_revisit_guard,window=5;repeats=5,0.6330243734981119,0.5891472868217055,0.5192307692307693,file_revisit_guard,window=10;repeats=3,0.652127659574468,0.8682170542635659,0.7970085470085471,0.01910328607635614,0.2790697674418604,0.2777777777777778
StressFresh100,False,True,file_revisit_guard,window=5;repeats=3,0.6436781609195402,0.8449612403100775,0.7670940170940171,file_revisit_guard,window=5;repeats=5,0.6330243734981119,0.5891472868217055,0.5192307692307693,0.010653787421428307,0.255813953488372,0.24786324786324787
StressFresh100,True,True,file_revisit_guard,window=10;repeats=3,0.652127659574468,0.8682170542635659,0.7970085470085471,file_revisit_guard,window=10;repeats=5,0.657315906917437,0.689922480620155,0.5918803418803419,0.005188247342968966,0.17829457364341084,0.20512820512820518
StressFresh100,False,True,exact_action_repeat_k,k=2,0.348993288590604,0.11627906976744186,0.09401709401709402,action_observation_similarity,tfidf_adjacent>=0.9,0.3593582887700535,0.28294573643410853,0.10042735042735043,0.010365000179449468,0.16666666666666669,0.006410256410256415
StressFresh100,False,True,file_revisit_guard,window=5;repeats=3,0.6436781609195402,0.8449612403100775,0.7670940170940171,file_revisit_guard,window=10;repeats=5,0.657315906917437,0.689922480620155,0.5918803418803419,0.0136377459978968,0.15503875968992242,0.17521367521367526
StressFresh100,False,True,max_step_guard,threshold=50,0.40068104426787743,0.01937984496124031,0.0,tool_repeat_k,k=4,0.41764080765143463,0.15891472868217055,0.06196581196581197,0.016959763383557203,0.13953488372093023,0.06196581196581197
StressFresh100,False,True,exact_action_repeat_k,k=3,0.3071512309495897,0.07364341085271318,0.0641025641025641,action_observation_similarity,tfidf_adjacent>=0.95,0.32657657657657657,0.19767441860465115,0.07905982905982906,0.01942534562698689,0.12403100775193797,0.01495726495726496
StressFresh100,False,True,action_observation_similarity,tfidf_adjacent>=0.95,0.32657657657657657,0.19767441860465115,0.07905982905982906,action_observation_similarity,tfidf_adjacent>=0.98,0.3159117305458769,0.12015503875968993,0.042735042735042736,0.01066484603069967,0.07751937984496123,0.03632478632478632
StressFresh100,True,True,exact_action_repeat_k,k=3,0.3071512309495897,0.07364341085271318,0.0641025641025641,error_signature_repeat_k,k=2,0.31420289855072464,0.1434108527131783,0.049145299145299144,0.007051667601134959,0.06976744186046512,0.014957264957264953
StressFresh100,False,True,action_observation_similarity,tfidf_adjacent>=0.95,0.32657657657657657,0.19767441860465115,0.07905982905982906,error_signature_repeat_k,k=2,0.31420289855072464,0.1434108527131783,0.049145299145299144,0.01237367802585193,0.054263565891472854,0.029914529914529912
StressFresh100,True,True,exact_action_repeat_k,k=3,0.3071512309495897,0.07364341085271318,0.0641025641025641,action_observation_similarity,tfidf_adjacent>=0.98,0.3159117305458769,0.12015503875968993,0.042735042735042736,0.008760499596287219,0.046511627906976744,0.02136752136752136
StressFresh100,True,True,exact_action_repeat_k,k=4,0.2865743527995184,0.03875968992248062,0.038461538461538464,action_observation_repeat_exact,exact_pair_k=2,0.2765826674861709,0.0,0.0,0.009991685313347487,0.03875968992248062,0.038461538461538464
StressFresh100,False,True,exact_action_repeat_k,k=4,0.2865743527995184,0.03875968992248062,0.038461538461538464,repeat_without_progress_guard,base=tool;k=3;progress=runtime,0.2732307692307692,0.003875968992248062,0.0,0.013343583568749151,0.03488372093023256,0.038461538461538464
StressFresh100,False,True,exact_action_repeat_k,k=4,0.2865743527995184,0.03875968992248062,0.038461538461538464,repeat_without_progress_guard,base=tool;k=3;progress=runtime_or_signal_proxy,0.2732307692307692,0.003875968992248062,0.0,0.013343583568749151,0.03488372093023256,0.038461538461538464
StressFresh100,True,True,file_revisit_guard,window=5;repeats=3,0.6436781609195402,0.8449612403100775,0.7670940170940171,file_revisit_guard,window=10;repeats=3,0.652127659574468,0.8682170542635659,0.7970085470085471,0.008449498654927834,0.023255813953488413,0.02991452991452992
StressFresh100,False,True,action_observation_repeat_exact,exact_pair_k=2,0.2765826674861709,0.0,0.0,error_signature_repeat_k,k=3,0.26370918052988296,0.023255813953488372,0.01282051282051282,0.012873486956287927,0.023255813953488372,0.01282051282051282
StressFresh100,True,True,action_observation_similarity,tfidf_adjacent>=0.98,0.3159117305458769,0.12015503875968993,0.042735042735042736,error_signature_repeat_k,k=2,0.31420289855072464,0.1434108527131783,0.049145299145299144,0.0017088319951522601,0.023255813953488372,0.006410256410256408
StressFresh100,True,True,error_signature_repeat_k,k=3,0.26370918052988296,0.023255813953488372,0.01282051282051282,repeat_without_progress_guard,base=exact_action;k=3;progress=runtime,0.2562189054726368,0.003875968992248062,0.0,0.007490275057246143,0.01937984496124031,0.01282051282051282
StressFresh100,True,True,error_signature_repeat_k,k=3,0.26370918052988296,0.023255813953488372,0.01282051282051282,repeat_without_progress_guard,base=tool;k=3;progress=runtime,0.2732307692307692,0.003875968992248062,0.0,0.009521588700886263,0.01937984496124031,0.01282051282051282
StressFresh100,True,True,error_signature_repeat_k,k=3,0.26370918052988296,0.023255813953488372,0.01282051282051282,repeat_without_progress_guard,base=exact_action;k=3;progress=runtime_or_signal_proxy,0.2562189054726368,0.003875968992248062,0.0,0.007490275057246143,0.01937984496124031,0.01282051282051282
StressFresh100,True,True,error_signature_repeat_k,k=3,0.26370918052988296,0.023255813953488372,0.01282051282051282,repeat_without_progress_guard,base=tool;k=3;progress=runtime_or_signal_proxy,0.2732307692307692,0.003875968992248062,0.0,0.009521588700886263,0.01937984496124031,0.01282051282051282
StressFresh100,True,True,action_observation_repeat_exact,exact_pair_k=2,0.2765826674861709,0.0,0.0,repeat_without_progress_guard,base=tool;k=3;progress=runtime,0.2732307692307692,0.003875968992248062,0.0,0.003351898255401664,0.003875968992248062,0.0
StressFresh100,True,True,action_observation_repeat_exact,exact_pair_k=2,0.2765826674861709,0.0,0.0,repeat_without_progress_guard,base=tool;k=3;progress=runtime_or_signal_proxy,0.2732307692307692,0.003875968992248062,0.0,0.003351898255401664,0.003875968992248062,0.0
StressFresh100,True,True,max_step_guard,threshold=150,0.0,0.0,0.0,max_step_guard,threshold=200,0.0,0.0,0.0,0.0,0.0,0.0
StressFresh100,False,True,repeat_without_progress_guard,base=exact_action;k=3;progress=runtime,0.2562189054726368,0.003875968992248062,0.0,repeat_without_progress_guard,base=tool;k=3;progress=runtime,0.2732307692307692,0.003875968992248062,0.0,0.017011863758132406,0.0,0.0
StressFresh100,True,True,repeat_without_progress_guard,base=exact_action;k=3;progress=runtime,0.2562189054726368,0.003875968992248062,0.0,repeat_without_progress_guard,base=exact_action;k=3;progress=runtime_or_signal_proxy,0.2562189054726368,0.003875968992248062,0.0,0.0,0.0,0.0
StressFresh100,False,True,repeat_without_progress_guard,base=exact_action;k=3;progress=runtime,0.2562189054726368,0.003875968992248062,0.0,repeat_without_progress_guard,base=tool;k=3;progress=runtime_or_signal_proxy,0.2732307692307692,0.003875968992248062,0.0,0.017011863758132406,0.0,0.0
StressFresh100,False,True,repeat_without_progress_guard,base=tool;k=3;progress=runtime,0.2732307692307692,0.003875968992248062,0.0,repeat_without_progress_guard,base=exact_action;k=3;progress=runtime_or_signal_proxy,0.2562189054726368,0.003875968992248062,0.0,0.017011863758132406,0.0,0.0
StressFresh100,True,True,repeat_without_progress_guard,base=tool;k=3;progress=runtime,0.2732307692307692,0.003875968992248062,0.0,repeat_without_progress_guard,base=tool;k=3;progress=runtime_or_signal_proxy,0.2732307692307692,0.003875968992248062,0.0,0.0,0.0,0.0
StressFresh100,False,True,repeat_without_progress_guard,base=exact_action;k=3;progress=runtime_or_signal_proxy,0.2562189054726368,0.003875968992248062,0.0,repeat_without_progress_guard,base=tool;k=3;progress=runtime_or_signal_proxy,0.2732307692307692,0.003875968992248062,0.0,0.017011863758132406,0.0,0.0
OpenHandsExternal330,True,True,max_step_guard,threshold=25,0.0028735632183908046,1.0,1.0,max_step_guard,threshold=200,0.0,0.10628019323671498,0.0036607687614399025,0.0028735632183908046,0.893719806763285,0.99633923123856
OpenHandsExternal330,True,True,max_step_guard,threshold=50,0.003552804996848318,0.9975845410628019,1.0,max_step_guard,threshold=200,0.0,0.10628019323671498,0.0036607687614399025,0.003552804996848318,0.8913043478260869,0.99633923123856
OpenHandsExternal330,True,True,max_step_guard,threshold=75,0.004651337259462095,0.9758454106280193,0.9938987187309335,max_step_guard,threshold=200,0.0,0.10628019323671498,0.0036607687614399025,0.004651337259462095,0.8695652173913043,0.9902379499694935
OpenHandsExternal330,True,True,max_step_guard,threshold=100,0.003407517836226174,0.8864734299516909,0.9377669310555217,max_step_guard,threshold=200,0.0,0.10628019323671498,0.0036607687614399025,0.003407517836226174,0.7801932367149759,0.9341061622940817
OpenHandsExternal330,True,True,max_step_guard,threshold=25,0.0028735632183908046,1.0,1.0,max_step_guard,threshold=150,0.007901668129938543,0.5362318840579711,0.4478340451494814,0.005028104911547739,0.46376811594202894,0.5521659548505187
OpenHandsExternal330,True,True,max_step_guard,threshold=50,0.003552804996848318,0.9975845410628019,1.0,max_step_guard,threshold=150,0.007901668129938543,0.5362318840579711,0.4478340451494814,0.004348863133090225,0.46135265700483086,0.5521659548505187
OpenHandsExternal330,True,True,max_step_guard,threshold=75,0.004651337259462095,0.9758454106280193,0.9938987187309335,max_step_guard,threshold=150,0.007901668129938543,0.5362318840579711,0.4478340451494814,0.003250330870476448,0.43961352657004826,0.546064673581452
OpenHandsExternal330,True,True,max_step_guard,threshold=150,0.007901668129938543,0.5362318840579711,0.4478340451494814,max_step_guard,threshold=200,0.0,0.10628019323671498,0.0036607687614399025,0.007901668129938543,0.42995169082125606,0.4441732763880415
OpenHandsExternal330,True,True,max_step_guard,threshold=100,0.003407517836226174,0.8864734299516909,0.9377669310555217,max_step_guard,threshold=150,0.007901668129938543,0.5362318840579711,0.4478340451494814,0.004494150293712369,0.3502415458937198,0.4899328859060403
OpenHandsExternal330,True,True,max_step_guard,threshold=25,0.0028735632183908046,1.0,1.0,max_step_guard,threshold=100,0.003407517836226174,0.8864734299516909,0.9377669310555217,0.0005339546178353693,0.11352657004830913,0.06223306894447833
OpenHandsExternal330,True,True,max_step_guard,threshold=50,0.003552804996848318,0.9975845410628019,1.0,max_step_guard,threshold=100,0.003407517836226174,0.8864734299516909,0.9377669310555217,0.00014528716062214408,0.11111111111111105,0.06223306894447833
OpenHandsExternal330,True,True,max_step_guard,threshold=75,0.004651337259462095,0.9758454106280193,0.9938987187309335,max_step_guard,threshold=100,0.003407517836226174,0.8864734299516909,0.9377669310555217,0.0012438194232359213,0.08937198067632846,0.056131787675411826
OpenHandsExternal330,True,True,max_step_guard,threshold=25,0.0028735632183908046,1.0,1.0,max_step_guard,threshold=75,0.004651337259462095,0.9758454106280193,0.9938987187309335,0.0017777740410712907,0.024154589371980673,0.006101281269066505
OpenHandsExternal330,True,True,max_step_guard,threshold=50,0.003552804996848318,0.9975845410628019,1.0,max_step_guard,threshold=75,0.004651337259462095,0.9758454106280193,0.9938987187309335,0.0010985322626137772,0.021739130434782594,0.006101281269066505
OpenHandsExternal330,True,True,max_step_guard,threshold=25,0.0028735632183908046,1.0,1.0,max_step_guard,threshold=50,0.003552804996848318,0.9975845410628019,1.0,0.0006792417784575134,0.0024154589371980784,0.0
