dataset,location_category,trigger_count,trigger_pct,detector,threshold/config
Natural500,UC_span,1383,0.8474264705882353,max_step_guard,threshold=25
Natural500,HN_step,140,0.0857843137254902,max_step_guard,threshold=25
Natural500,PI_span_non_HN,71,0.04350490196078431,max_step_guard,threshold=25
Natural500,other,38,0.023284313725490197,max_step_guard,threshold=25
Natural500,UC_span,600,0.9900990099009901,max_step_guard,threshold=50
Natural500,HN_step,4,0.006600660066006601,max_step_guard,threshold=50
Natural500,PI_span_non_HN,0,0.0,max_step_guard,threshold=50
Natural500,other,2,0.0033003300330033004,max_step_guard,threshold=50
Natural500,UC_span,257,0.9922779922779923,max_step_guard,threshold=75
Natural500,HN_step,0,0.0,max_step_guard,threshold=75
Natural500,PI_span_non_HN,0,0.0,max_step_guard,threshold=75
Natural500,other,2,0.007722007722007722,max_step_guard,threshold=75
Natural500,UC_span,98,0.98,max_step_guard,threshold=100
Natural500,HN_step,0,0.0,max_step_guard,threshold=100
Natural500,PI_span_non_HN,0,0.0,max_step_guard,threshold=100
Natural500,other,2,0.02,max_step_guard,threshold=100
Enriched500,UC_span,12396,0.8140802521836212,max_step_guard,threshold=25
Enriched500,HN_step,2070,0.13594273330268603,max_step_guard,threshold=25
Enriched500,PI_span_non_HN,585,0.03841859854206344,max_step_guard,threshold=25
Enriched500,other,176,0.011558415971629342,max_step_guard,threshold=25
Enriched500,UC_span,8415,0.9484896302975654,max_step_guard,threshold=50
Enriched500,HN_step,363,0.040915238954012625,max_step_guard,threshold=50
Enriched500,PI_span_non_HN,66,0.007439134355275023,max_step_guard,threshold=50
Enriched500,other,28,0.0031559963931469793,max_step_guard,threshold=50
Enriched500,UC_span,4900,0.9681881051175657,max_step_guard,threshold=75
Enriched500,HN_step,117,0.023117960877296978,max_step_guard,threshold=75
Enriched500,PI_span_non_HN,22,0.0043469670025686625,max_step_guard,threshold=75
Enriched500,other,22,0.0043469670025686625,max_step_guard,threshold=75
Enriched500,UC_span,2446,0.9878836833602584,max_step_guard,threshold=100
Enriched500,HN_step,14,0.005654281098546042,max_step_guard,threshold=100
Enriched500,PI_span_non_HN,7,0.002827140549273021,max_step_guard,threshold=100
Enriched500,other,9,0.0036348949919224557,max_step_guard,threshold=100
Enriched500,UC_span,540,1.0,max_step_guard,threshold=150
Enriched500,HN_step,0,0.0,max_step_guard,threshold=150
Enriched500,PI_span_non_HN,0,0.0,max_step_guard,threshold=150
Enriched500,other,0,0.0,max_step_guard,threshold=150
Enriched500,UC_span,1,1.0,max_step_guard,threshold=200
Enriched500,HN_step,0,0.0,max_step_guard,threshold=200
Enriched500,PI_span_non_HN,0,0.0,max_step_guard,threshold=200
Enriched500,other,0,0.0,max_step_guard,threshold=200
Enriched500,UC_span,2071,0.946526508226691,exact_action_repeat_k,k=2
Enriched500,HN_step,71,0.03244972577696526,exact_action_repeat_k,k=2
Enriched500,PI_span_non_HN,25,0.011425959780621572,exact_action_repeat_k,k=2
Enriched500,other,21,0.009597806215722121,exact_action_repeat_k,k=2
Enriched500,UC_span,1662,0.9875222816399287,exact_action_repeat_k,k=3
Enriched500,HN_step,10,0.0059417706476530005,exact_action_repeat_k,k=3
Enriched500,PI_span_non_HN,5,0.0029708853238265003,exact_action_repeat_k,k=3
Enriched500,other,6,0.0035650623885918,exact_action_repeat_k,k=3
Enriched500,UC_span,1491,0.994,exact_action_repeat_k,k=4
Enriched500,HN_step,3,0.002,exact_action_repeat_k,k=4
Enriched500,PI_span_non_HN,2,0.0013333333333333333,exact_action_repeat_k,k=4
Enriched500,other,4,0.0026666666666666666,exact_action_repeat_k,k=4
Enriched500,UC_span,1598,0.9815724815724816,action_observation_repeat_exact,exact_pair_k=2
Enriched500,HN_step,13,0.007985257985257985,action_observation_repeat_exact,exact_pair_k=2
Enriched500,PI_span_non_HN,8,0.004914004914004914,action_observation_repeat_exact,exact_pair_k=2
Enriched500,other,9,0.005528255528255528,action_observation_repeat_exact,exact_pair_k=2
Enriched500,UC_span,3392,0.8923967377006051,action_observation_similarity,tfidf_adjacent>=0.9
Enriched500,HN_step,286,0.07524335701131281,action_observation_similarity,tfidf_adjacent>=0.9
Enriched500,PI_span_non_HN,91,0.02394106813996317,action_observation_similarity,tfidf_adjacent>=0.9
Enriched500,other,32,0.008418837148118917,action_observation_similarity,tfidf_adjacent>=0.9
Enriched500,UC_span,2780,0.9266666666666666,action_observation_similarity,tfidf_adjacent>=0.95
Enriched500,HN_step,144,0.048,action_observation_similarity,tfidf_adjacent>=0.95
Enriched500,PI_span_non_HN,51,0.017,action_observation_similarity,tfidf_adjacent>=0.95
Enriched500,other,25,0.008333333333333333,action_observation_similarity,tfidf_adjacent>=0.95
Enriched500,UC_span,2329,0.956861133935908,action_observation_similarity,tfidf_adjacent>=0.98
Enriched500,HN_step,66,0.027115858668857847,action_observation_similarity,tfidf_adjacent>=0.98
Enriched500,PI_span_non_HN,21,0.008627773212818405,action_observation_similarity,tfidf_adjacent>=0.98
Enriched500,other,18,0.007395234182415777,action_observation_similarity,tfidf_adjacent>=0.98
Enriched500,UC_span,1136,0.9342105263157895,error_signature_repeat_k,k=2
Enriched500,HN_step,51,0.04194078947368421,error_signature_repeat_k,k=2
Enriched500,PI_span_non_HN,18,0.014802631578947368,error_signature_repeat_k,k=2
Enriched500,other,11,0.009046052631578948,error_signature_repeat_k,k=2
Enriched500,UC_span,891,0.9944196428571429,error_signature_repeat_k,k=3
Enriched500,HN_step,3,0.0033482142857142855,error_signature_repeat_k,k=3
Enriched500,PI_span_non_HN,1,0.0011160714285714285,error_signature_repeat_k,k=3
Enriched500,other,1,0.0011160714285714285,error_signature_repeat_k,k=3
Enriched500,UC_span,9599,0.8123043073538123,file_revisit_guard,window=5;repeats=3
Enriched500,HN_step,1716,0.14521452145214522,file_revisit_guard,window=5;repeats=3
Enriched500,PI_span_non_HN,411,0.03478040111703478,file_revisit_guard,window=5;repeats=3
Enriched500,other,91,0.007700770077007701,file_revisit_guard,window=5;repeats=3
Enriched500,UC_span,7139,0.9117496807151979,file_revisit_guard,window=5;repeats=5
Enriched500,HN_step,540,0.06896551724137931,file_revisit_guard,window=5;repeats=5
Enriched500,PI_span_non_HN,124,0.01583652618135377,file_revisit_guard,window=5;repeats=5
Enriched500,other,27,0.0034482758620689655,file_revisit_guard,window=5;repeats=5
Enriched500,UC_span,10135,0.7893302180685359,file_revisit_guard,window=10;repeats=3
Enriched500,HN_step,2121,0.16518691588785048,file_revisit_guard,window=10;repeats=3
Enriched500,PI_span_non_HN,471,0.03668224299065421,file_revisit_guard,window=10;repeats=3
Enriched500,other,113,0.008800623052959502,file_revisit_guard,window=10;repeats=3
Enriched500,UC_span,9002,0.8634183771340879,file_revisit_guard,window=10;repeats=5
Enriched500,HN_step,1121,0.10751966238250528,file_revisit_guard,window=10;repeats=5
Enriched500,PI_span_non_HN,243,0.0233071168233263,file_revisit_guard,window=10;repeats=5
Enriched500,other,60,0.005754843660080567,file_revisit_guard,window=10;repeats=5
Enriched500,UC_span,1593,0.9925233644859813,repeat_without_progress_guard,base=exact_action;k=3;progress=runtime
Enriched500,HN_step,6,0.003738317757009346,repeat_without_progress_guard,base=exact_action;k=3;progress=runtime
Enriched500,PI_span_non_HN,0,0.0,repeat_without_progress_guard,base=exact_action;k=3;progress=runtime
Enriched500,other,6,0.003738317757009346,repeat_without_progress_guard,base=exact_action;k=3;progress=runtime
Enriched500,UC_span,1557,0.9942528735632183,repeat_without_progress_guard,base=exact_action;k=3;progress=runtime_or_signal_proxy
Enriched500,HN_step,5,0.0031928480204342275,repeat_without_progress_guard,base=exact_action;k=3;progress=runtime_or_signal_proxy
Enriched500,PI_span_non_HN,0,0.0,repeat_without_progress_guard,base=exact_action;k=3;progress=runtime_or_signal_proxy
Enriched500,other,4,0.002554278416347382,repeat_without_progress_guard,base=exact_action;k=3;progress=runtime_or_signal_proxy
StressFresh100,UC_span,876,0.7992700729927007,max_step_guard,threshold=25
StressFresh100,HN_step,86,0.07846715328467153,max_step_guard,threshold=25
StressFresh100,PI_span_non_HN,94,0.08576642335766424,max_step_guard,threshold=25
StressFresh100,other,40,0.0364963503649635,max_step_guard,threshold=25
StressFresh100,UC_span,353,0.9751381215469613,max_step_guard,threshold=50
StressFresh100,HN_step,0,0.0,max_step_guard,threshold=50
StressFresh100,PI_span_non_HN,8,0.022099447513812154,max_step_guard,threshold=50
StressFresh100,other,1,0.0027624309392265192,max_step_guard,threshold=50
StressFresh100,UC_span,167,1.0,max_step_guard,threshold=75
StressFresh100,HN_step,0,0.0,max_step_guard,threshold=75
StressFresh100,PI_span_non_HN,0,0.0,max_step_guard,threshold=75
StressFresh100,other,0,0.0,max_step_guard,threshold=75
StressFresh100,UC_span,95,1.0,max_step_guard,threshold=100
StressFresh100,HN_step,0,0.0,max_step_guard,threshold=100
StressFresh100,PI_span_non_HN,0,0.0,max_step_guard,threshold=100
StressFresh100,other,0,0.0,max_step_guard,threshold=100
StressFresh100,UC_span,312,0.8041237113402062,exact_action_repeat_k,k=2
StressFresh100,HN_step,44,0.1134020618556701,exact_action_repeat_k,k=2
StressFresh100,PI_span_non_HN,20,0.05154639175257732,exact_action_repeat_k,k=2
StressFresh100,other,12,0.030927835051546393,exact_action_repeat_k,k=2
StressFresh100,UC_span,262,0.8562091503267973,exact_action_repeat_k,k=3
StressFresh100,HN_step,30,0.09803921568627451,exact_action_repeat_k,k=3
StressFresh100,PI_span_non_HN,10,0.032679738562091505,exact_action_repeat_k,k=3
StressFresh100,other,4,0.013071895424836602,exact_action_repeat_k,k=3
StressFresh100,UC_span,238,0.9118773946360154,exact_action_repeat_k,k=4
StressFresh100,HN_step,18,0.06896551724137931,exact_action_repeat_k,k=4
StressFresh100,PI_span_non_HN,4,0.01532567049808429,exact_action_repeat_k,k=4
StressFresh100,other,1,0.0038314176245210726,exact_action_repeat_k,k=4
StressFresh100,UC_span,648,0.6153846153846154,tool_repeat_k,k=2
StressFresh100,HN_step,116,0.11016144349477683,tool_repeat_k,k=2
StressFresh100,PI_span_non_HN,176,0.1671415004748338,tool_repeat_k,k=2
StressFresh100,other,113,0.10731244064577398,tool_repeat_k,k=2
StressFresh100,UC_span,452,0.7232,tool_repeat_k,k=3
StressFresh100,HN_step,64,0.1024,tool_repeat_k,k=3
StressFresh100,PI_span_non_HN,75,0.12,tool_repeat_k,k=3
StressFresh100,other,34,0.0544,tool_repeat_k,k=3
StressFresh100,UC_span,393,0.8153526970954357,tool_repeat_k,k=4
StressFresh100,HN_step,29,0.06016597510373444,tool_repeat_k,k=4
StressFresh100,PI_span_non_HN,40,0.08298755186721991,tool_repeat_k,k=4
StressFresh100,other,20,0.04149377593360996,tool_repeat_k,k=4
StressFresh100,UC_span,625,0.7175660160734788,tool_sequence_repeat,window=2
StressFresh100,HN_step,107,0.12284730195177956,tool_sequence_repeat,window=2
StressFresh100,PI_span_non_HN,99,0.11366245694603903,tool_sequence_repeat,window=2
StressFresh100,other,40,0.045924225028702644,tool_sequence_repeat,window=2
StressFresh100,UC_span,482,0.8844036697247707,tool_sequence_repeat,window=3
StressFresh100,HN_step,28,0.05137614678899083,tool_sequence_repeat,window=3
StressFresh100,PI_span_non_HN,23,0.04220183486238532,tool_sequence_repeat,window=3
StressFresh100,other,12,0.022018348623853212,tool_sequence_repeat,window=3
StressFresh100,UC_span,453,0.8435754189944135,tool_sequence_repeat,window=4
StressFresh100,HN_step,43,0.08007448789571694,tool_sequence_repeat,window=4
StressFresh100,PI_span_non_HN,25,0.04655493482309125,tool_sequence_repeat,window=4
StressFresh100,other,16,0.0297951582867784,tool_sequence_repeat,window=4
StressFresh100,UC_span,225,0.9911894273127754,action_observation_repeat_exact,exact_pair_k=2
StressFresh100,HN_step,0,0.0,action_observation_repeat_exact,exact_pair_k=2
StressFresh100,PI_span_non_HN,0,0.0,action_observation_repeat_exact,exact_pair_k=2
StressFresh100,other,2,0.00881057268722467,action_observation_repeat_exact,exact_pair_k=2
StressFresh100,UC_span,336,0.7148936170212766,action_observation_similarity,tfidf_adjacent>=0.9
StressFresh100,HN_step,47,0.1,action_observation_similarity,tfidf_adjacent>=0.9
StressFresh100,PI_span_non_HN,60,0.1276595744680851,action_observation_similarity,tfidf_adjacent>=0.9
StressFresh100,other,27,0.0574468085106383,action_observation_similarity,tfidf_adjacent>=0.9
StressFresh100,UC_span,290,0.7712765957446809,action_observation_similarity,tfidf_adjacent>=0.95
StressFresh100,HN_step,37,0.09840425531914894,action_observation_similarity,tfidf_adjacent>=0.95
StressFresh100,PI_span_non_HN,35,0.09308510638297872,action_observation_similarity,tfidf_adjacent>=0.95
StressFresh100,other,14,0.03723404255319149,action_observation_similarity,tfidf_adjacent>=0.95
StressFresh100,UC_span,272,0.84472049689441,action_observation_similarity,tfidf_adjacent>=0.98
StressFresh100,HN_step,20,0.062111801242236024,action_observation_similarity,tfidf_adjacent>=0.98
StressFresh100,PI_span_non_HN,23,0.07142857142857142,action_observation_similarity,tfidf_adjacent>=0.98
StressFresh100,other,7,0.021739130434782608,action_observation_similarity,tfidf_adjacent>=0.98
StressFresh100,UC_span,271,0.8338461538461538,error_signature_repeat_k,k=2
StressFresh100,HN_step,23,0.07076923076923076,error_signature_repeat_k,k=2
StressFresh100,PI_span_non_HN,24,0.07384615384615385,error_signature_repeat_k,k=2
StressFresh100,other,7,0.021538461538461538,error_signature_repeat_k,k=2
StressFresh100,UC_span,214,0.9596412556053812,error_signature_repeat_k,k=3
StressFresh100,HN_step,6,0.026905829596412557,error_signature_repeat_k,k=3
StressFresh100,PI_span_non_HN,3,0.013452914798206279,error_signature_repeat_k,k=3
StressFresh100,other,0,0.0,error_signature_repeat_k,k=3
StressFresh100,UC_span,1176,0.5217391304347826,file_revisit_guard,window=5;repeats=3
StressFresh100,HN_step,359,0.1592724046140195,file_revisit_guard,window=5;repeats=3
StressFresh100,PI_span_non_HN,463,0.2054125998225377,file_revisit_guard,window=5;repeats=3
StressFresh100,other,256,0.11357586512866016,file_revisit_guard,window=5;repeats=3
StressFresh100,UC_span,922,0.6093853271645737,file_revisit_guard,window=5;repeats=5
StressFresh100,HN_step,243,0.16060806345009915,file_revisit_guard,window=5;repeats=5
StressFresh100,PI_span_non_HN,230,0.1520158625247852,file_revisit_guard,window=5;repeats=5
StressFresh100,other,118,0.07799074686054197,file_revisit_guard,window=5;repeats=5
StressFresh100,UC_span,1226,0.5194915254237288,file_revisit_guard,window=10;repeats=3
StressFresh100,HN_step,373,0.15805084745762712,file_revisit_guard,window=10;repeats=3
StressFresh100,PI_span_non_HN,490,0.2076271186440678,file_revisit_guard,window=10;repeats=3
StressFresh100,other,271,0.11483050847457626,file_revisit_guard,window=10;repeats=3
StressFresh100,UC_span,1031,0.5935521013241221,file_revisit_guard,window=10;repeats=5
StressFresh100,HN_step,277,0.15947035118019573,file_revisit_guard,window=10;repeats=5
StressFresh100,PI_span_non_HN,287,0.1652274035693725,file_revisit_guard,window=10;repeats=5
StressFresh100,other,142,0.08175014392630973,file_revisit_guard,window=10;repeats=5
StressFresh100,UC_span,206,0.9903846153846154,repeat_without_progress_guard,base=exact_action;k=3;progress=runtime
StressFresh100,HN_step,0,0.0,repeat_without_progress_guard,base=exact_action;k=3;progress=runtime
StressFresh100,PI_span_non_HN,1,0.004807692307692308,repeat_without_progress_guard,base=exact_action;k=3;progress=runtime
StressFresh100,other,1,0.004807692307692308,repeat_without_progress_guard,base=exact_action;k=3;progress=runtime
StressFresh100,UC_span,222,0.9866666666666667,repeat_without_progress_guard,base=tool;k=3;progress=runtime
StressFresh100,HN_step,0,0.0,repeat_without_progress_guard,base=tool;k=3;progress=runtime
StressFresh100,PI_span_non_HN,1,0.0044444444444444444,repeat_without_progress_guard,base=tool;k=3;progress=runtime
StressFresh100,other,2,0.008888888888888889,repeat_without_progress_guard,base=tool;k=3;progress=runtime
StressFresh100,UC_span,206,0.9903846153846154,repeat_without_progress_guard,base=exact_action;k=3;progress=runtime_or_signal_proxy
StressFresh100,HN_step,0,0.0,repeat_without_progress_guard,base=exact_action;k=3;progress=runtime_or_signal_proxy
StressFresh100,PI_span_non_HN,1,0.004807692307692308,repeat_without_progress_guard,base=exact_action;k=3;progress=runtime_or_signal_proxy
StressFresh100,other,1,0.004807692307692308,repeat_without_progress_guard,base=exact_action;k=3;progress=runtime_or_signal_proxy
StressFresh100,UC_span,222,0.9866666666666667,repeat_without_progress_guard,base=tool;k=3;progress=runtime_or_signal_proxy
StressFresh100,HN_step,0,0.0,repeat_without_progress_guard,base=tool;k=3;progress=runtime_or_signal_proxy
StressFresh100,PI_span_non_HN,1,0.0044444444444444444,repeat_without_progress_guard,base=tool;k=3;progress=runtime_or_signal_proxy
StressFresh100,other,2,0.008888888888888889,repeat_without_progress_guard,base=tool;k=3;progress=runtime_or_signal_proxy
OpenHandsExternal330,UC_span,62,0.0014388489208633094,max_step_guard,threshold=25
OpenHandsExternal330,HN_step,1639,0.038036667440241353,max_step_guard,threshold=25
OpenHandsExternal330,PI_span_non_HN,30240,0.7017869575307496,max_step_guard,threshold=25
OpenHandsExternal330,other,11149,0.25873752610814577,max_step_guard,threshold=25
OpenHandsExternal330,UC_span,62,0.0017795637198622274,max_step_guard,threshold=50
OpenHandsExternal330,HN_step,1639,0.04704362801377727,max_step_guard,threshold=50
OpenHandsExternal330,PI_span_non_HN,28445,0.8164466130884042,max_step_guard,threshold=50
OpenHandsExternal330,other,4694,0.13473019517795637,max_step_guard,threshold=50
OpenHandsExternal330,UC_span,62,0.0023310899725532954,max_step_guard,threshold=75
OpenHandsExternal330,HN_step,1629,0.061247509117569654,max_step_guard,threshold=75
OpenHandsExternal330,PI_span_non_HN,22889,0.8605857803511674,max_step_guard,threshold=75
OpenHandsExternal330,other,2017,0.07583562055870963,max_step_guard,threshold=75
OpenHandsExternal330,UC_span,32,0.0017094017094017094,max_step_guard,threshold=100
OpenHandsExternal330,HN_step,1537,0.08210470085470085,max_step_guard,threshold=100
OpenHandsExternal330,PI_span_non_HN,15633,0.8350961538461539,max_step_guard,threshold=100
OpenHandsExternal330,other,1518,0.0810897435897436,max_step_guard,threshold=100
OpenHandsExternal330,UC_span,27,0.003987005316007088,max_step_guard,threshold=150
OpenHandsExternal330,HN_step,734,0.10838747784997046,max_step_guard,threshold=150
OpenHandsExternal330,PI_span_non_HN,4897,0.7231246308328411,max_step_guard,threshold=150
OpenHandsExternal330,other,1114,0.16450088600118135,max_step_guard,threshold=150
OpenHandsExternal330,UC_span,0,0.0,max_step_guard,threshold=200
OpenHandsExternal330,HN_step,6,0.03488372093023256,max_step_guard,threshold=200
OpenHandsExternal330,PI_span_non_HN,36,0.20930232558139536,max_step_guard,threshold=200
OpenHandsExternal330,other,130,0.7558139534883721,max_step_guard,threshold=200
