path,size_bytes,sha256
anonymization_and_release_notes.md,434,3741b38f78bc3da550eb9be79fb555e1159d977cd52fe439b5edbabd53a624fd
ARTIFACT_EVALUATION.md,644,e53fa7c25659ece2cef0ecebd9525b71f4dbfd5798303b57c309d03267b2f65b
artifact_integrity_report.md,339,83bc8e676cff8ff27d256acad84307915f3479e4b051d1ff13c53c3dab1cecb9
CITATION.cff,265,ce4b7fc352019a649e150166f8a30ea63633c6b7f304ce08d895977c3e1d68e1
data/final_adjudicated/Final500/README.md,335,5888eb027c74557260927b7f95d46cc08324afd2f2b1e5786001f42e30cbf750
data/final_adjudicated/Final500/span_labels.csv,447580,8f52a2082d886c1f3dbcdfd0a2593bd155a724bd65f9222dfd4a28257337ab19
data/final_adjudicated/Final500/step_labels.csv,4092248,483721d13129b809d021f6e1c52f8b27fb72927c3d3c8fb955ec13c8424b5f15
data/final_adjudicated/Natural500/README.md,178,2d2e8bb83eba4d835c197613cea6296621dc296f194cdc83bb4e1a7c5dc93852
data/final_adjudicated/Natural500/span_labels.csv,205918,0befdd256bed6793de1262fd5e2a356842f29cc29554e942dc9ddde7c6b467ff
data/final_adjudicated/Natural500/step_labels.csv,1372739,0635cd15e0f1f561134cfaf3f852797759e7d38027df85a2ed0eb88ff57f74fb
data/final_adjudicated/OpenHandsExternal330/README.md,249,4f25fbce608cb3fb9efd4760e62d2b1b761e4a540fc2f094e0b86f3ad0feffd0
data/final_adjudicated/OpenHandsExternal330/span_labels.csv,94086,d6c16edde0ebd5e68332eda31d51958a8da78c326a0cd924b9394e090151778a
data/final_adjudicated/OpenHandsExternal330/step_labels.csv,9150231,39008b2a8fbe1aec08b6a477f76dd8bb9d321f1206792e54179de9ce8f38023f
data/final_adjudicated/StressFresh100/README.md,182,b1cac4c1901310383f939794c681b8060d4b8a41cc1594a519f2cada885587c0
data/final_adjudicated/StressFresh100/span_labels.csv,77650,651a14564fb5e84122d49726f790735b8989ef9e2d594088bd3603e114bd4ebe
data/final_adjudicated/StressFresh100/step_labels.csv,514912,422fb7d3f35779daf0ed54a955d5af7c28acc708d7099516c8673e4ae157791c
data/normalized/construct_prevalence_by_dataset.csv,813,71b93a6c85a6e2dee3929b4c71d457b701a554785e43508c8bc178e00206ad20
data/normalized/dataset_summary.csv,796,1a0d24fa8c9f3d08f7b73a636da80038aeaa5497925d2ae0ee2c42d591c2e1e4
data/normalized/length_vs_constructs.csv,327376,b25a36e5c17433892c5561eb2d2d1f32d2e166bc4113f34eb6bf0fa346887361
data/normalized/normalized_spans.csv,824529,32493351c04ebf9e652d69a30f4561139125d50568f497e427c6641d0d2d7430
data/normalized/normalized_steps.csv,15129518,fb82eb5f16d95ccdd216fff18df9cb15f3ddc9b22f25acb9f389cd3846fc3aaf
data/normalized/raw_field_availability_by_dataset.csv,3235,46f654b3ffa536363a445929d46929ee1a7cbde00a805d839827ddf5b9e0cd6c
DATASET_CARD.md,1189,dbc1b2aa641404f95c534d1fcb402f49280afcd21eadfb41d301116885ff76bd
docs/detector_families.md,393,1d72dfdd2624539a165d9f0432b7cbf0b17064f43fd3e8994f2126bfb41fc4d0
docs/intervention_validation.md,4985,e68cc55ca061da13e027dced96a97815e6ec7475198404885db3b6c26bc567fd
docs/label_schema.md,375,ecafd0524b1d802008fdb054bd9c682898c2bc78f74785ec4e54270099a03b0f
docs/metric_definitions.md,392,c6b11de6c05b5fe54b954bf362002b1567fc6feda584da786e216fa0034ad0d6
docs/provenance.md,220,883ce1b877e2dc522416bdd4e849704fd4c8536f5ec62e9f4e8ac888b4fa27bb
docs/reproduction_guide.md,3484,ee45502daf74ef08b0788d0f38c8a57d6036a6c05119c2811644dda84997aae7
environment.yml,172,8b10967bab27ffe1d84d3c81a5586406fc72fe484b2343ddd805fba0efab1e7b
LICENSE,48,0b37efee83276def487afa51820029027041c3c11fa0fd865cc69b04b4b10fc5
outputs/expected/api_replan_intervention/api_call_log.csv,38994,781df1159ac8d670b88f1ffa6d12a279e788bfcf91d9a5568a7bf17392e39fa4
outputs/expected/api_replan_intervention/api_env_check.md,697,44b4fda24e5ffe8160eeb56c61453a5c421ae1bb4226248bbda9d8d278092a8b
outputs/expected/api_replan_intervention/api_replan_manifest.json,465,dbe3ca3757d9acb88044d55c3d43daf98dd02ce7e07c630e83fe1469cacf69c1
outputs/expected/api_replan_intervention/api_replan_pairwise_effects.csv,2825,e822ef01f2cdbad3469a34932202eb776c589c6b8d7fd59742b2af6420535736
outputs/expected/api_replan_intervention/api_replan_parsed_responses.csv,351106,6a5e14b7dc4c66414459769ed63667da2c8b56e32acfe024b53a06c77d3b9b8c
outputs/expected/api_replan_intervention/api_replan_report.md,4286,1c619286e346c69d1e46043a74c619f3e8ac44318b38c44ad8a1e2f730c9781a
outputs/expected/api_replan_intervention/api_replan_summary_by_group.csv,863,4b39bb90d3eacd09e4cf17b41fc72caa46c4875be5c68e27172d013e5f15fba4
outputs/expected/api_replan_intervention/fig6_api_replan_intervention.pdf,28603,1e97b137a6882e5b540a75ecbe03dab8865aea5963d03b2eb4536fcc96f60e8b
outputs/expected/api_replan_intervention/fig6_api_replan_intervention.png,136983,7fb973eb5dfb43d7fcdab22780b8ba3c5474a3f3ed249f776cc0daf84917e231
outputs/expected/api_replan_intervention/fig6_api_replan_intervention.svg,84613,abfbd9bdb6ff0d2cf6e6ea7afc3b4ad6147cf13964d446939485a14ee3bf5389
outputs/expected/api_replan_intervention/prefix_replan_prompts.jsonl,2599936,ecb60e43a7c5b1d8c33be3377d44c593a8899e4edd7fcc3d8e29faeedf59dbf3
outputs/expected/api_replan_intervention/prefix_replan_sample.csv,1140242,d7177e6fb316ba01ede170d2cc3ccfd88ae7199d96201c1f1fec7d372507ea41
outputs/expected/api_replan_intervention/sampling_report.md,1055,0df0d75053d1ed674e1f93ec54dcdfabfa009768ebd12401a83a6176ec3b671e
outputs/expected/api_replan_intervention/table_api_replan_pairwise_effects.csv,2788,febb8bfb9bae8808011a09e8214e315402157e11ba34e82aa2dbc3b0ca8451ea
outputs/expected/api_replan_intervention/table_api_replan_summary.csv,858,06b7a785977249a6a91f9ec6895049813ba7e1c8f98cced1702fe3ce5fd7a7ff
outputs/expected/construct_mismatch/construct_mismatch_report.md,18881,c688a56db5143d982d4e49710f13dd6d716dd67dc8ebad0e44c326bd3c904066
outputs/expected/construct_mismatch/construct_prevalence_by_dataset.csv,813,ac58bd73a036bb028b3e8759227907483292c2d04c7e96f6697b13662dac30a0
outputs/expected/construct_mismatch/length_vs_constructs.csv,330373,8e6e67839f23a8050cc442ba21262031927cac1689f456ba8bd2c41da66a1c7b
outputs/expected/intervention_risk_rich_detectors/bootstrap_ci.csv,47948,6b980d934e3358587c9d3b6b17c666c0bcc667c605f87334b3803cb20901031c
outputs/expected/intervention_risk_rich_detectors/detector_availability.csv,3589,af8a35016cf57c29ab26e144644ac31a9c9b7b41655486258ab8e5ff61351649
outputs/expected/intervention_risk_rich_detectors/detector_metrics_by_dataset.csv,19699,4b725e28cdb5d3c8ecd904071802ff60b99c33aace940131df55b6015ed4ec4b
outputs/expected/intervention_risk_rich_detectors/intervention_risk_rich_detector_report.md,45214,1912699dc522379b9a99f2cdb7ed5a71215791eb1a3e3e358ea1f7911959adf0
outputs/expected/intervention_risk_rich_detectors/near_f1_risk_pairs.csv,17554,15407c6ce92a2798c0a68852913ca888cedef16178e9976cae3ec3e4357a5f22
outputs/expected/intervention_risk_rich_detectors/threshold_frontier_by_dataset.csv,19699,4b725e28cdb5d3c8ecd904071802ff60b99c33aace940131df55b6015ed4ec4b
outputs/expected/intervention_risk_rich_detectors/trigger_location_distribution.csv,19075,0a8f21073bf2c5669dc2e49bb3fdc430059633756feb892c7e3b0ee0be19f493
outputs/expected/intervention_validation/feasibility_report.json,681,87f260915561bd47c162681c9f946e1046faa5d1a11e50e9884a612a34dea5d6
outputs/expected/intervention_validation/feasibility_report.md,5134,a205e328862dc4e334c3487badab626f51ef1151ee410a7b3a7fd635283252ab
outputs/expected/intervention_validation/fig_near_f1_stop_counterfactual.pdf,24302,c52519fd84b4364f1abb42c04bca0838145845ab6c7eb4ed8f92b3f4a29b68ee
outputs/expected/intervention_validation/fig_near_f1_stop_counterfactual.png,108811,c8fdea3b577ac51e94436a9758c5fc481e7bedb593cbf4572dfe9bb60f3f2d0d
outputs/expected/intervention_validation/fig_near_f1_stop_counterfactual.svg,55518,9f7b495abb315ec8c51671abf064ffc2a49e3a4cebf5f277bc9e4719de4433b6
outputs/expected/intervention_validation/fig_stop_counterfactual_tradeoff.pdf,28935,093c7c0c78c6d473c0e9b2f72cb5d31971e9194cf22fbd15188cc3c49e45a252
outputs/expected/intervention_validation/fig_stop_counterfactual_tradeoff.png,135231,3fc4b23c630f29b7aae6c78dbea3a96060f79d351251e5ad6aa804705cbd4447
outputs/expected/intervention_validation/fig_stop_counterfactual_tradeoff.svg,68992,996e43ae5f7517e984ac6b55f76f1b62ae9e82ed7bc7243338b11461010f3bd3
outputs/expected/intervention_validation/fig_stop_harm_by_location.pdf,20212,6a95580c44f79d3f1c29a413aeb1e98cadb84a99ee96600402f04427473370dd
outputs/expected/intervention_validation/fig_stop_harm_by_location.png,86751,738b3ece679c46906fbe556df2877b5490b4b43e9537b0357d836444e6a1f0a7
outputs/expected/intervention_validation/fig_stop_harm_by_location.svg,42989,fba5f6118476c630fae3ef171a67b195c7c3df253132ba3ed0ee53004d291d9c
outputs/expected/intervention_validation/intervention_validation_master_report.md,1347,cd2f599cdd89555f39ca0b0a577c2059bf6e091b8bccbe4d2f934e8c1cbd2d66
outputs/expected/intervention_validation/prefix_branch_feasibility_only.md,387,503f73d2f73e78456076af383df5f0b3152716e508972f5e5c658017a8e12455
outputs/expected/intervention_validation/stop_counterfactual_near_f1_pairs.csv,21502,cb0d250eb7cff0b2944145b6ae408cad6113201d00bc2b6fdc0b12e6f922bd72
outputs/expected/intervention_validation/stop_counterfactual_report.md,8461,1ef61c620a0354f2fefe3973fcf03ea91f1395adc28ffbfccf35bfa20d1637b8
outputs/expected/intervention_validation/stop_counterfactual_summary_by_detector.csv,23124,2df445755bea1e683aec454b583326acedf924bade019ffaedf95a4427c9df69
outputs/expected/intervention_validation/stop_counterfactual_summary_by_location.csv,2765,ffe9e447a95bbb53214b57d2c6386f0439f441366662e16668f3db9ec23a4efc
outputs/expected/intervention_validation/stop_counterfactual_triggers.csv,61050319,1e999d103ef52b7b98a0d9ceb07f8753560997dc73922ad00d0ba4b31cbcc2a3
outputs/expected/length_robustness/excluding_openhands_longest_decile.csv,906,360d5c04921636a48ae429bfdeb72dad99e40f84dfeb8d117450351693ca18b4
outputs/expected/length_robustness/length_construct_correlations.csv,1077,4b48dadbcbbfd99e9e285ae7f0133286f54ce8699866c2d3c71eccaf0d585a5d
outputs/expected/length_robustness/length_robustness_report.md,4028,4652d216c424242221a1d72146578d5aec051849dc7e212125240c8679d0aebd
outputs/expected/length_robustness/length_robustness_summary.csv,4145,1255e255f029c5f55c25fd956696a80344b52a0095e23e1eb1d06b82ea3ac4ea
outputs/expected/length_robustness/within_dataset_longest_decile.csv,2608,6470996364e9f14bf273da16f7e3eec59a86916af1477a608e25381d062a9b2a
outputs/expected/live_guard_experiment/fig6_live_guard_policy.pdf,16324,3ff2ec902791dda6984c0ba05954ebda7b11d554271e8bea8e3ba3dc2dcb6550
outputs/expected/live_guard_experiment/fig6_live_guard_policy.png,115264,73fd96e7f653ea5e271c269b7b141fcff8be02d2afdff8438d3df38470916e62
outputs/expected/live_guard_experiment/fig6_live_guard_policy.svg,48223,aa96dae3b9c137eb57d8d425240784629e53b3243a6a013459af5e59024fde33
outputs/expected/live_guard_experiment/LIVE_GUARD_FINAL_REPORT.md,1752,f9ef8aa4bbfadaff31358350300f428d8ddf6faf6df062a0f911ebdb593ec905
outputs/expected/live_guard_experiment/live_guard_pairwise_effects.csv,913,2b52135337153bcc94ce7144c8d0f2b24dd98726c535569d749276aaa7041618
outputs/expected/live_guard_experiment/LIVE_GUARD_PREREGISTRATION.md,3142,0704b3655a5b8d3379fa1f6ab71edc6b3846808738d9ac3c15dc7e49fad02c13
outputs/expected/live_guard_experiment/LIVE_GUARD_RELEASE_NOTES.md,1060,083d597c165c173367c44b8cbda0f97c8c1599a9b69dde258cd110c9b51b6e3b
outputs/expected/live_guard_experiment/live_guard_release_validation.md,179,f641da5df284074734af0f2365eda14684e1ee1b8faff0d47a10473b3934b005
outputs/expected/live_guard_experiment/live_guard_report.md,2502,46f05b9d785c827a2f2823b9825e239016d7d85b3e6dc6c40c2522a7389a53e8
outputs/expected/live_guard_experiment/live_guard_results.csv,9227,27664f25424b13db6f4eb2a4bbda1ce789ab56dcd77c7bd8d216cc66695089ff
outputs/expected/live_guard_experiment/live_guard_run_log_sanitized.csv,10319,85e3e00521cd73d415240ffd4acb4476d6c0d0b837ed9534648aed3fde98839a
outputs/expected/live_guard_experiment/live_guard_run_plan.json,239,4f975306ec008721ef0e50c48787ee2b25b636da69c5fc01202229eb34310b32
outputs/expected/live_guard_experiment/live_guard_summary_by_arm.csv,523,ffdd6dce69ec40194fa2f722880f57e183044a85e59f866f2839f50e6c33ed41
outputs/expected/live_guard_experiment/live_stack_check.md,3258,0e0de3c11fa6b6133b241772f9a092468543115b2cece3894ba95d6f6913c268
outputs/expected/live_guard_experiment/live_task_sample_sanitized.csv,24628,3da0b3d07b4924692f192f7b6fe72f368f1fdbf763be749a30a0ebe39bff2a7e
outputs/expected/live_guard_experiment/runner_install_report.md,977,918e1373455b8e0aaecd96d74fdd99404137484a08bc74abd2d1629ef7d2d827
outputs/expected/live_guard_experiment/table_live_guard_pairwise_effects.csv,913,2b52135337153bcc94ce7144c8d0f2b24dd98726c535569d749276aaa7041618
outputs/expected/live_guard_experiment/table_live_guard_summary.csv,523,ffdd6dce69ec40194fa2f722880f57e183044a85e59f866f2839f50e6c33ed41
outputs/expected/live_guard_official_oracle/agent_run_log_sanitized.csv,60320,1637eb7ed102eb8665fa8ffa6e91942bbfb5f213ac08ab58fda18aed667ab8e2
outputs/expected/live_guard_official_oracle/extend_to_60_sample_validation.md,692,1a3554b90965b2a11eed3bc18689830a7b3fed1e0f69d767a3e95e66bbe8e6eb
outputs/expected/live_guard_official_oracle/fig6_live_guard_official_oracle.pdf,19581,866bee8e877c1ea32c8d211adc64822853da0659aff560024f84342452ab3935
outputs/expected/live_guard_official_oracle/fig6_live_guard_official_oracle.png,227715,2ae96bb4871f254bf4a5e3c6aac46661bdcb6165ce492e61503d07c4cfc9907a
outputs/expected/live_guard_official_oracle/fig6_live_guard_official_oracle.svg,71360,bc7ec1ae5f64d9b8c06a2bbecd7272fe2a9e7acaf5822f853470961c07cb1c2e
outputs/expected/live_guard_official_oracle/LIVE_GUARD_60TASK_FINAL_REPORT.md,3223,6bb30e40510a15ee66bd720181916d5e7464c7c840ef074c3d8f9cd463ad9e5a
outputs/expected/live_guard_official_oracle/LIVE_GUARD_OFFICIAL_FINAL_REPORT.md,326,37aeec5101b9d0ac3579689f6e49b02843ffc5fe5a46a06ebcaa6505a4a347a6
outputs/expected/live_guard_official_oracle/live_guard_official_pairwise_effects.csv,1216,54b8d5fcc58f91c6162f0fcdc7fdcbf5073239765dcc8551463e95128f4c847d
outputs/expected/live_guard_official_oracle/LIVE_GUARD_OFFICIAL_RELEASE_NOTES.md,329,4e89e33126df4ed987229debb7781eca79a9d20da87c01d36ba3ef4e8c0c7df3
outputs/expected/live_guard_official_oracle/live_guard_official_release_validation.md,158,c7b084ae0293fcd2beb4e9436facc45c00d6126120c71be53bc2e54cb73f3ce2
outputs/expected/live_guard_official_oracle/live_guard_official_report.md,2191,41b87d4f555105691e72c4139ee251864ff7076de9a2f2f69631616c26881f93
outputs/expected/live_guard_official_oracle/live_guard_official_results_sanitized.csv,73832,17556b4cdda3353c19666b26bfa5cd7423ca419322546f5f22fb98d2f6823dbe
outputs/expected/live_guard_official_oracle/live_guard_official_summary_by_arm.csv,770,3341f7f78fba98c15cc0c67652cca22e48edca2dd0d4fbe469d1377ab00f5804
outputs/expected/live_guard_official_oracle/official_oracle_extension_tasks_31_60.csv,9123,a609322e3713582fcd88f1425aaaba444afe0f7a8e9c2af0efefbdd9cf69da4a
outputs/expected/live_guard_official_oracle/OFFICIAL_ORACLE_PREREGISTRATION.md,2473,b45147a5df9bdb06f6c97303517bec8010f7878b44ee7ad065a4b66a9252cf57
outputs/expected/live_guard_official_oracle/official_oracle_run_plan.json,233,ab38342ed3ac7897a2549308be0195a742303916bb816823a6c76d5fafdcd325
outputs/expected/live_guard_official_oracle/official_oracle_run_plan_60.json,264,3e9362edd8dc6aa8d5466f8bbc5c9f4085ad63a73788299ac3a5810497850bbd
outputs/expected/live_guard_official_oracle/official_oracle_task_sample_sanitized.csv,25038,1c7be91a7131bc99998646ccf83adb8a928eeac41c6c893aec1656c4add7332b
outputs/expected/live_guard_official_oracle/oracle_eval_results.csv,32918,530c4f5d695425e4a0ceec9592c55d1aca993e795081c0757fb33bb5ab194886
outputs/expected/live_guard_official_oracle/oracle_install_report.md,4490,f8330e54179e170cd2041647130f69113af42bf3e23b7a78c1b8e8fd0f890f7d
outputs/expected/live_guard_official_oracle/patch_manifest_sanitized.csv,27872,14ec81cbb13e2403d50166c7cd5a212c4a2f708856de47c1852299cb0704d693
outputs/expected/live_guard_official_oracle/table_live_guard_official_pairwise_effects.csv,1216,54b8d5fcc58f91c6162f0fcdc7fdcbf5073239765dcc8551463e95128f4c847d
outputs/expected/live_guard_official_oracle/table_live_guard_official_summary.csv,770,3341f7f78fba98c15cc0c67652cca22e48edca2dd0d4fbe469d1377ab00f5804
outputs/expected/live_intervention/feasibility_report.json,4499,8f74c9262f1cc2606715dca664425049db62c91fc28a7d97b3bfe9596260c1f4
outputs/expected/live_intervention/feasibility_report.md,3046,a2363d47198b54512ebcfc8f12762a2dd10fcd6811792c8e7f1e5862a5ce2acb
outputs/expected/live_intervention/live_intervention_not_feasible.md,381,079dc1d9e88b9261af5de2be8a7febf201370ae8f30ef4442a9d2c50866016fb
outputs/expected/live_intervention/live_intervention_report.md,169,c6225d56f82da10ae08d8f10aa57bcb5a0a6f94bc608d83d83e6979ad3634eed
outputs/expected/live_intervention/prefix_branch_results.csv,283,a0f7845814dcc9698e77159a59cb2c3628cfda3dc3593107a0ba1e3165325305
outputs/expected/live_intervention/prefix_branch_sample.csv,247,ce364af22a2df3cb5f89f3d602fdeb9b79cba6f93cf25641ed631950d0abfe7f
outputs/expected/live_intervention/prefix_branch_summary.csv,126,30242e4016a34e449ed90fbf926090c09a9cf74204ac15099794c7044d77da8f
outputs/expected/live_intervention/run_report.md,157,3b820c196322e08cb89079da9ade10e92d68d754c792ac2c24fb29c0e1435164
outputs/expected/live_intervention/sampling_report.md,157,d97ec07ade2a4737b3b49fea615310716dae0e7d0b8049c663e902277077ff95
outputs/expected/live_intervention/table_live_intervention_summary.csv,121,bd02b79aa270f6a876c845828ad71cf1cbfec52df45d02f4ecf761ed7d92b001
outputs/expected/paper_figures/fig1.pdf,29104,58223a44b15267b1ee53556605b8f5815ffb6cb8eb9eea0db47b12ce82df5213
outputs/expected/paper_figures/fig1.png,285435,288b7ceefcad03a564ae7831457ca752fc803eefccb12fe3067eb3382aa865a4
outputs/expected/paper_figures/fig1.svg,37388,cba2f9f1312bb287a75669c7fde1f7fbef09521491d9ae8f4bfb6ce3e4275231
outputs/expected/paper_figures/fig2.pdf,48413,1466dde360fbd5f2acb50c48041165d1fd12be2c194f75e0773836a52dc9c974
outputs/expected/paper_figures/fig2.png,329999,9fc99bd704763b79c4139ce16bfe675e38eef65d91449105747d5e81b250681d
outputs/expected/paper_figures/fig2.svg,70252,517b872ad109af7ad8501a2a16a2818eb38026b567b13a8148c7beb99211585d
outputs/expected/paper_figures/fig3.pdf,32398,e62fe487bb10e3173e6b4f0188c6783d2a184673ac768e492986fe29be6fbea5
outputs/expected/paper_figures/fig3.png,220846,9213c4bdf9b866a9067657ee7c99fb0094f67962346c9339a59fe287dcf25d50
outputs/expected/paper_figures/fig3.svg,23033,03196133348d94baa458597dccfb22483ca62c9238eab82d70e05fae3dd45761
outputs/expected/paper_figures/fig4.pdf,45874,0bc8e8331967e86a26eeda50653ec80c3b53f9d7036b4bff511c6caa723ef358
outputs/expected/paper_figures/fig4.png,185622,26823d2331f15c1beca880bb3df115f75abb88f94759c3846f08c420044f8ac0
outputs/expected/paper_figures/fig4.svg,79460,b9da85e0ac38dd8937f2d1a7a1934f4aae6b4349ea97851007a636d38fb02cae
outputs/expected/paper_figures/fig5_stop_counterfactual_tradeoff.pdf,28935,093c7c0c78c6d473c0e9b2f72cb5d31971e9194cf22fbd15188cc3c49e45a252
outputs/expected/paper_figures/fig5_stop_counterfactual_tradeoff.png,135231,3fc4b23c630f29b7aae6c78dbea3a96060f79d351251e5ad6aa804705cbd4447
outputs/expected/paper_figures/fig5_stop_counterfactual_tradeoff.svg,68992,996e43ae5f7517e984ac6b55f76f1b62ae9e82ed7bc7243338b11461010f3bd3
outputs/expected/paper_figures/fig5_stop_counterfactual_tradeoff_column.pdf,27086,d5a09d376273465d98487161006d62973ecbbe52299da082913f36665da419b1
outputs/expected/paper_figures/fig5_stop_counterfactual_tradeoff_column.png,83958,6485006ff066f1c0fc6dc0383896d1c1d2ddea4c2473deceb02f220ef50209a5
outputs/expected/paper_figures/fig5_stop_counterfactual_tradeoff_column.svg,60562,02510c1c3aeebc4d2f4862b44e2974c5e78ec142fbba52fc8757d5c6752d06f5
outputs/expected/paper_figures/figure_captions.tex,1160,31ff8560404d2d0d1ec8ed332d2f62472e97aa25c0edfb5d1ba915921c5c02b5
outputs/expected/paper_figures/figure_generation_report.md,6933,2c7c400ce36e196d2edffd209921dea98ea2ab45b9a5644e6fe15a2ce396e35f
outputs/expected/paper_figures/intervention_safety_evaluation.drawio.compat.clean.pdf,96878,73f78cf52cbc631dbd4bf5def31924b5cfc2e58a98739753bbf152beb56b1795
outputs/expected/paper_figures/swe_bench_guard_experiment.drawio.pdf,65699,33d12e76b161c9f2ac4ebdd0291bc016b7308e58f929064c0d8e9513a545b0e6
outputs/expected/paper_findings/dataset_role_summary.csv,1050,36a2f488e5b953a426c48f76e8a6206208f54bf914750c689f10d2bd32664c3f
outputs/expected/paper_findings/dataset_role_summary.md,2299,e23f2e5e633c0155ed4e1abd5fd842cfc945ce45321e788ada1c5b4a12e3acc5
outputs/expected/paper_findings/detector_family_summary.csv,2340,60dc7afd09e01297470e5b39852c0e67581bdf29ea3b15540df1300a6b5c18eb
outputs/expected/paper_findings/detector_family_summary.md,4530,268e68fbe58a4d90e3dc0d2327947303eb9410dd6e287ab243361873635d7a4f
outputs/expected/paper_findings/figure_table_recommendations.csv,2521,d03cf8c62061c69c8dd5fb56e15fba4af738f98e958d7e58e32105316ec4e907
outputs/expected/paper_findings/figure_table_recommendations.md,4382,530f9e0d4dad009e1ec05454ab15c7287a0b33355715cdef8fa7d24bb5828947
outputs/expected/paper_findings/headline_findings.csv,5402,27014e8a320dd29051558e6c54d34b1c2f6d3b6a5a22d051b7539bc5b135b7d6
outputs/expected/paper_findings/headline_findings.md,10034,d665bd1fea66cc732a1a31f4e8b981b1c90ed5ac1f51623bb18b18b638a252a8
outputs/expected/paper_findings/strongest_near_f1_risk_pairs.csv,3185,faeb91ee3cd1c070ee8ec16ffa9f66ee8020eae41f56d6903994ed9306e59ce1
outputs/expected/paper_findings/strongest_near_f1_risk_pairs.md,5806,bb75d895209c94120b95c34bd95b0a661804506005d85088a3e71128d86f923b
outputs/expected/paper_tables/appendix_openhands_degenerate_near_f1_pairs.csv,2982,17b25ea6795bbf55233cc88b6187ef8d0c65d0cc1689cc2989797548c80e5d73
outputs/expected/paper_tables/appendix_openhands_degenerate_near_f1_pairs.md,4306,cee6e5e6f7ac29afcfebc538a4e7eb2d5292c790bb20fc07ebb78ee18336b739
outputs/expected/paper_tables/appendix_openhands_degenerate_near_f1_pairs.tex,3827,063fea7f40dc44dba1c22d54cf518d6e95204a4cc6e70c52d6f04c47b4523b7a
outputs/expected/paper_tables/table1_evidence_pools.csv,796,52d65d7e716572cdbf3e8f1cd2613d2c3ffe2dd1632545b729c69eb3878b21b0
outputs/expected/paper_tables/table1_evidence_pools.md,1558,dc18aacd3796421e4eb02627bfa1601cf0d3d03c4ed8beba9e1967d6011ec650
outputs/expected/paper_tables/table1_evidence_pools.tex,1151,e7c73ff554733cc9661e2f4c387b0527da5d75044a1340b0e0ba96009cc3cb13
outputs/expected/paper_tables/table2_construct_non_equivalence.csv,673,29a3df2d00c1f3bb93fb0664c9ec21ec78da8b9b633f283b01841a03564dd3e1
outputs/expected/paper_tables/table2_construct_non_equivalence.md,1246,50fd0135f786c941d80cb53ce21f6868be4384f07a36530d86b3ebd0e429bb20
outputs/expected/paper_tables/table2_construct_non_equivalence.tex,1020,92990eee76450cbb00fbcb15085911205b23e9d6661699cec6c6e9aa1c822cf3
outputs/expected/paper_tables/table3_focused_detector_risk_comparison.csv,1419,49a1ed3caed1c270a51f6891356ff348fe527db8577ec0e11f17a21a8f8276d0
outputs/expected/paper_tables/table3_focused_detector_risk_comparison.md,2698,33cc42d2df2b0812783b0bf79ade63a13099c27652eef5b1922ae03fdb2eaa34
outputs/expected/paper_tables/table3_focused_detector_risk_comparison.tex,1976,f7dddad0b2acf897124453da5d1e13846ff53fb8bccc611399716485bb84d6c8
outputs/expected/paper_tables/table4_near_f1_risk_divergence.csv,2373,e877e5ae30c6ce8d7ee3d6abfd26999e57cd94f8b7617a3799ee4bdf860e3669
outputs/expected/paper_tables/table4_near_f1_risk_divergence.md,3790,7b12b3b9bc3e86be448aa0fbec07601a11ae555d70ce1fbd790b79f516b095a6
outputs/expected/paper_tables/table4_near_f1_risk_divergence.tex,3086,ed655a827bf27e96d14662278ce987a2ea80b45fb74eec06a42f56a24414bc6c
outputs/expected/provenance_audit/provenance_audit_report.md,4246,9af99f826c52186bd34d75aae4c44a9282ee3a19fd8fe9a2bcb82a2de34c1b14
outputs/expected/provenance_audit/provenance_summary_by_pool.csv,2771,518ab3eccd67d7cdf86608db50a0a33042f332abe11790bbd51b01001bba25e9
README.md,9780,19c2e0a9fdcce5339b189dbdb07c13aa35bff5baac6c996fd3c27e3fe6483670
release_exclusion_report.csv,104,6d6330da39cebd4d17175341380cb201f831310728a113e8945f9bef1e429c12
release_exclusion_report.md,367,035489f52c49eeb1fd055c7d2dc5e867420d1b26b6cdd8b466849c487c376fd5
requirements.txt,57,ca3a8505b0df47f7311c4a5c132fdf7970bd8bd75644b72b77de7a6a47950b82
scripts/api_replan_intervention/analyze_api_replan_results.py,14229,13bb07a5c37f0e1610400457e6081c384aa646b25c53ab948bf7c6dd77a33089
scripts/api_replan_intervention/build_api_replan_figures.py,4401,29b9e55042e77567325008904f79110cc941edcf481d84e84bba8e9834480fa3
scripts/api_replan_intervention/build_api_replan_prefix_dataset.py,19525,0c2314dee502e8badf2cf06c69ebc6fdcdc18751c480307bf24cb21c46bdcdad
scripts/api_replan_intervention/check_deepseek_api_env.py,5708,0590052b08f0dcb86930bc9a5d4943951dd26c1c29a7e3d689fee2aa68630ea6
scripts/api_replan_intervention/run_deepseek_api_replan_experiment.py,14444,5c6fbf95a2a04537a73748595eec9876761e8130a7bc29ece6739d41543f2ed4
scripts/audit/__init__.py,0,e3b0c44298fc1c149afbf4c8996fb92427ae41e4649b934ca495991b7852b855
scripts/audit/audit_dataset_integrity.py,8533,62cf8d6790c624f6da198dde225ebed4ebbe6db4f2c3180660fa48f0ecf7ac71
scripts/audit/construct_distribution_analysis.py,8146,b2af1e2dd873619296be6f4371bd962752fbf7295937598319e110e83c7fb3a9
scripts/audit/load_paper1_datasets.py,26562,07c987e49ffd27bda7e0871bd9c3e90144358c2fa248cca2fd011fdbeafee7c0
scripts/audit/make_tables_and_figures.py,13720,7e423f623fefb2d7111a348af514d947f32c7132ed21470cfc8be9f7769faf23
scripts/construct_mismatch/__init__.py,0,e3b0c44298fc1c149afbf4c8996fb92427ae41e4649b934ca495991b7852b855
scripts/construct_mismatch/build_construct_mismatch_analysis.py,35668,9c1d6dbd61dfac4553c0fe45b65d22f2020bfdb44d3aa913eddf995869ff11ca
scripts/construct_mismatch/length_robustness_checks.py,21653,42458c6edc77d58f00b01c4467f7778deee07c650052dd8eea8bae2de7d972a1
scripts/intervention_risk/__init__.py,0,e3b0c44298fc1c149afbf4c8996fb92427ae41e4649b934ca495991b7852b855
scripts/intervention_risk/build_intervention_risk_evaluation.py,34110,f347ece002f369aad741f2b58a5eca7853772eb0b52dac778aac1568c10c7a9a
scripts/intervention_risk/build_rich_detector_evaluation.py,40833,cf79c108e1c12953576540950e9596c1711eb958cf90830ee4051b1d49598bc5
scripts/intervention_validation/__init__.py,0,e3b0c44298fc1c149afbf4c8996fb92427ae41e4649b934ca495991b7852b855
scripts/intervention_validation/analyze_prefix_branch_results.py,1310,d6b795723d534c7afbfcc97c65ba59b2fcf50e1a19b64750f9d3cc2930d066d4
scripts/intervention_validation/build_prefix_branch_experiment.py,1384,623789ef2312b5707b3666841735db04eb8ba0fb29af72945f03ad83469a1f4e
scripts/intervention_validation/build_stop_counterfactual.py,31380,9732dfa7b862a1e0c7dbbe71820e9d46482880193aa7ecda5cb3239f38d6ef6e
scripts/intervention_validation/check_intervention_feasibility.py,12100,9305fcf3621e30575c7572e3a0fd330e484a416bb1c3700f0dc85af0eea20212
scripts/intervention_validation/run_prefix_branch_experiment.py,1116,d9610cc1fc571a67ec8a4ec4d70cdbbfeca4a9859890a62a903851dad061cd81
scripts/live_guard_experiment/00_check_live_stack.py,7916,8059b00a9e8be65e036005a85365d45a38b961f533b5a529dcdc7602cefdce02
scripts/live_guard_experiment/01_prepare_live_tasks.py,6401,2968d38cf9c9593a87d6b1d22c45b03be5cda839149a3bd7fb889631bd5c4542
scripts/live_guard_experiment/02_install_or_validate_runner.py,6296,77c8cc20d60ba9a077d3ec91a28a2ec7761b4ce42d117516d829c9943468fbdf
scripts/live_guard_experiment/03_run_live_guard_experiment.py,14385,74065c0a79b368160e0c6586bed41a0eed1a83684e5bd5468c99cbec2d02fb34
scripts/live_guard_experiment/04_analyze_live_guard_results.py,13094,9e6cfd37ffe2f03c085a48e8f8953e7ca58fbfb96441d6b4202db2892011f012
scripts/live_guard_experiment/05_build_live_guard_figures.py,2253,a5627c08a6a08e8b638a14b29d30b2a35f3d1aa99b74dcac9e59fcf67f517171
scripts/live_guard_experiment/06_update_artifact_live_guard.py,3530,845c4ca7a434f14596b6d038ae6dc517c3c879fc4199ab1f58f2240b275a7925
scripts/live_guard_experiment/07_validate_live_guard_release.py,2611,e74cbf0d050efb508c20b99ca014cf7e9110df18cac24083408f2120fbb87126
scripts/live_guard_experiment/live_guard_common.py,13194,ff0a21d71dfdaf83c400c65ec7499148e4a11ae8292f83a487031660cfb545cc
scripts/live_guard_experiment/live_guard_policies.py,4665,71675954f61d5a3c4e7cde7b20b346cbbb27217eb78c32201b0e5c68c9688811
scripts/live_guard_official_oracle/00_preregister_official_oracle_experiment.py,485,fbe143e7bd2839db4bf75837bfa8005b525d86a9bcc6a2988c4ee8f3db6f5f05
scripts/live_guard_official_oracle/01_install_or_validate_swebench_oracle.py,5749,9a48a28af01fa7bace0971080406f65f8dade726a85ae33aabe2a458c8db867c
scripts/live_guard_official_oracle/02_prepare_official_oracle_tasks.py,3546,1bd7c213684a30e854adfad02b16cf6520132532310258ccdf2de02c3b223ec3
scripts/live_guard_official_oracle/03_run_agent_arms.py,15986,4b80eef02f8d79f1252661cdd499322e173555abad383db2d645939f6642b291
scripts/live_guard_official_oracle/04_collect_patches_and_logs.py,1691,eb8b217959a8e3d5e5f29d7466ee7b5cd63a5c1e3c8d8af4deac10dbb6cbadc3
scripts/live_guard_official_oracle/05_run_official_oracle_eval.py,9549,3f51c65f5efa3ae949ad10d12f8aed1b901d86d1f878b3ab2b75d54951e3fb4f
scripts/live_guard_official_oracle/06_analyze_official_oracle_results.py,9943,cab6b2b54f98e209a8c05b1afcd5a0c59371152e176d9fe0df031c07b2761a77
scripts/live_guard_official_oracle/07_build_official_oracle_figures.py,3034,8cf424fb7e9752a145af294e793237febf6f31cfb168d5855f880c9421137ad2
scripts/live_guard_official_oracle/08_update_paper_and_artifact.py,7015,f76f30ba54eaae27dd41d51d9156ef8831015edd4fdbf77518a727a56b91736b
scripts/live_guard_official_oracle/09_final_release_validation.py,2427,483671d6770f92d2276de7136d404cc178b54a1f96b78dee8803a3a6db0fdc5e
scripts/live_guard_official_oracle/10_extend_to_60_validate_sample.py,6718,5f4f752a38f4ededb8f85e081cff32e2a6d3a1fef633864d792dc03d5ebec500
scripts/live_guard_official_oracle/official_common.py,11348,148bbf8f7a9ac52367321a9d831e2b1a873031b135b55d141efb8674808df500
scripts/live_intervention/analyze_prefix_branch_results.py,1906,07e0c096fc248117f4e876ce5e9a806127e3895d0b77c7d11d4476d736ea1111
scripts/live_intervention/check_live_replay_feasibility.py,8739,0dc57e0f661c27db7f75fda84d1e5a27b58ec54276802ad86de9296da6beb943
scripts/live_intervention/run_prefix_branch_experiment.py,2153,29223ac6826bd5cb90d9b7fd26c8b3975efefa24d25cb7e6cfa7b52f2e1e331c
scripts/live_intervention/select_prefix_branch_sample.py,4448,06eafa61f4fa308a05efcf6cca30516353a01564ee51d07c021e1a7ab2695cb6
scripts/raw_enrichment/__init__.py,0,e3b0c44298fc1c149afbf4c8996fb92427ae41e4649b934ca495991b7852b855
scripts/raw_enrichment/enrich_normalized_steps_with_raw_fields.py,29471,b766e1a6179e67b3195fdf2af1f7cde24d029dc5c647182d25c09c22f1b00489
scripts/release/__init__.py,0,e3b0c44298fc1c149afbf4c8996fb92427ae41e4649b934ca495991b7852b855
scripts/release/artifact_fingerprint_and_traceability.py,37050,9ae2ecbe7c34159001962d46965ff044d46d8c6c3d431e17cec6ef36d5bfb799
scripts/release/audit_and_test_paper1_artifact.py,17175,07ed1252c4824cd369073993ad722f8d729a09beb1df807232e144a0ac906635
scripts/release/build_paper1_artifact.py,28622,967a75b7c88133031fd9088994248ffb0dee1218fee40fa848cd46699440be9b
scripts/synthesis/__init__.py,0,e3b0c44298fc1c149afbf4c8996fb92427ae41e4649b934ca495991b7852b855
scripts/synthesis/build_main_paper_tables.py,19955,5c3ad2ac081a1574e138bde9032679aedfa30e6fd594e867edb4b710b4f461bb
scripts/synthesis/build_publication_figures.py,48514,8b13a806e098a1795025ce5f70f510f6e98fb14170cf9a631ff873dcbf0aca08
scripts/synthesis/build_publication_figures_v2.py,48209,39a6c4937bea75f1b60cd54737bb4a32343dbc7412ba48342235995f184cbdd7
scripts/synthesis/extract_paper_findings.py,29934,45c35f471cfe1225e15e35829299053bb2255d75d7aeef959563024bf10c100a
tests/test_artifact_integrity.py,2261,675b00e54da484a1a4c95c5725a63788d5dc983c344c550cb81559b3eac92c88
tests/test_reproduce_key_outputs.py,5354,e7a9e08aafedd6cf585c04a6797a3233be55fc79c37ab3f7a23f31f514f13761
