dataset,public_trajectory_id,original_trajectory_sha256,public_span_id,start_step_index,end_step_index,span_label,hard_negative,productive_iteration_flag,unproductive_cycle_flag,uncertain_flag,unresolved_flag,confidence,step_count
StressFresh100,StressFresh100_T000001,e14facb83fe13c44d0c879170b6e1ec2612f29b99fae60f62a68f6205ea24f4c,S0004534,0,14,productive_iteration,False,True,False,False,False,,15.0
StressFresh100,StressFresh100_T000001,e14facb83fe13c44d0c879170b6e1ec2612f29b99fae60f62a68f6205ea24f4c,S0004535,15,23,unproductive_cycle,False,False,True,False,False,,9.0
StressFresh100,StressFresh100_T000001,e14facb83fe13c44d0c879170b6e1ec2612f29b99fae60f62a68f6205ea24f4c,S0004536,25,95,unproductive_cycle,False,False,True,False,False,,71.0
StressFresh100,StressFresh100_T000002,f7c08093c9c75b605c329940f8e83cbbb7b29836226b1d96904fc564da3aee71,S0004537,0,1,productive_iteration,False,True,False,False,False,,2.0
StressFresh100,StressFresh100_T000002,f7c08093c9c75b605c329940f8e83cbbb7b29836226b1d96904fc564da3aee71,S0004538,2,4,unproductive_cycle,False,False,True,False,False,,3.0
StressFresh100,StressFresh100_T000002,f7c08093c9c75b605c329940f8e83cbbb7b29836226b1d96904fc564da3aee71,S0004539,5,8,productive_iteration,True,True,False,False,False,,4.0
StressFresh100,StressFresh100_T000002,f7c08093c9c75b605c329940f8e83cbbb7b29836226b1d96904fc564da3aee71,S0004540,10,11,productive_iteration,False,True,False,False,False,,2.0
StressFresh100,StressFresh100_T000002,f7c08093c9c75b605c329940f8e83cbbb7b29836226b1d96904fc564da3aee71,S0004541,13,20,productive_iteration,False,True,False,False,False,,8.0
StressFresh100,StressFresh100_T000002,f7c08093c9c75b605c329940f8e83cbbb7b29836226b1d96904fc564da3aee71,S0004542,21,70,unproductive_cycle,False,False,True,False,False,,50.0
StressFresh100,StressFresh100_T000003,88278ba9269cd4d5efbd26712106d393eb881c56870d8606eae1705d3c3ec68d,S0004543,9,10,unproductive_cycle,False,False,True,False,False,,2.0
StressFresh100,StressFresh100_T000003,88278ba9269cd4d5efbd26712106d393eb881c56870d8606eae1705d3c3ec68d,S0004544,11,12,productive_iteration,False,True,False,False,False,,2.0
StressFresh100,StressFresh100_T000004,35aab597f1e4b9f8d61871debaa6e4cc52c0a1965afd6bea6fcabf45c582c343,S0004545,0,7,productive_iteration,False,True,False,False,False,,8.0
StressFresh100,StressFresh100_T000004,35aab597f1e4b9f8d61871debaa6e4cc52c0a1965afd6bea6fcabf45c582c343,S0004546,10,19,productive_iteration,False,True,False,False,False,,10.0
StressFresh100,StressFresh100_T000004,35aab597f1e4b9f8d61871debaa6e4cc52c0a1965afd6bea6fcabf45c582c343,S0004547,21,26,productive_iteration,True,True,False,False,False,,6.0
StressFresh100,StressFresh100_T000004,35aab597f1e4b9f8d61871debaa6e4cc52c0a1965afd6bea6fcabf45c582c343,S0004548,28,32,productive_iteration,False,True,False,False,False,,5.0
StressFresh100,StressFresh100_T000005,f2c90e9810fed1bc40c2b8dcafd192a64d5366e8d60e71e5d83e9069a92d0cf6,S0004549,0,2,productive_iteration,False,True,False,False,False,,3.0
StressFresh100,StressFresh100_T000005,f2c90e9810fed1bc40c2b8dcafd192a64d5366e8d60e71e5d83e9069a92d0cf6,S0004550,4,11,productive_iteration,False,True,False,False,False,,8.0
StressFresh100,StressFresh100_T000005,f2c90e9810fed1bc40c2b8dcafd192a64d5366e8d60e71e5d83e9069a92d0cf6,S0004551,12,34,unproductive_cycle,False,False,True,False,False,,23.0
StressFresh100,StressFresh100_T000006,b4fe28667a7430dd92d6e1dad1558460d71bb4ba32ae926a2205bc13b453052d,S0004552,5,5,unproductive_cycle,False,False,True,False,False,,1.0
StressFresh100,StressFresh100_T000006,b4fe28667a7430dd92d6e1dad1558460d71bb4ba32ae926a2205bc13b453052d,S0004553,7,12,unproductive_cycle,False,False,True,False,False,,6.0
StressFresh100,StressFresh100_T000006,b4fe28667a7430dd92d6e1dad1558460d71bb4ba32ae926a2205bc13b453052d,S0004554,14,65,unproductive_cycle,False,False,True,False,False,,52.0
StressFresh100,StressFresh100_T000007,2fce9d75fcb9b86990782deceb8a306ba975a0fba46f17d273b47d90d4dff22b,S0004555,2,2,productive_iteration,False,True,False,False,False,,1.0
StressFresh100,StressFresh100_T000007,2fce9d75fcb9b86990782deceb8a306ba975a0fba46f17d273b47d90d4dff22b,S0004556,4,9,productive_iteration,True,True,False,False,False,,6.0
StressFresh100,StressFresh100_T000007,2fce9d75fcb9b86990782deceb8a306ba975a0fba46f17d273b47d90d4dff22b,S0004557,18,19,productive_iteration,False,True,False,False,False,,2.0
StressFresh100,StressFresh100_T000008,f0846470e69894a0e179900f5781259681ada0392ee6deeb9855d2f740f3567f,S0004558,0,16,productive_iteration,False,True,False,False,False,,17.0
StressFresh100,StressFresh100_T000008,f0846470e69894a0e179900f5781259681ada0392ee6deeb9855d2f740f3567f,S0004559,17,17,unproductive_cycle,False,False,True,False,False,,1.0
StressFresh100,StressFresh100_T000008,f0846470e69894a0e179900f5781259681ada0392ee6deeb9855d2f740f3567f,S0004560,18,20,productive_iteration,False,True,False,False,False,,3.0
StressFresh100,StressFresh100_T000009,9459f9739998ea80967bcdb519ff724a5427574a88c4696897806fb8514f49ad,S0004561,0,10,productive_iteration,False,True,False,False,False,,11.0
StressFresh100,StressFresh100_T000009,9459f9739998ea80967bcdb519ff724a5427574a88c4696897806fb8514f49ad,S0004562,11,12,unproductive_cycle,False,False,True,False,False,,2.0
StressFresh100,StressFresh100_T000009,9459f9739998ea80967bcdb519ff724a5427574a88c4696897806fb8514f49ad,S0004563,13,20,productive_iteration,True,True,False,False,False,,8.0
StressFresh100,StressFresh100_T000009,9459f9739998ea80967bcdb519ff724a5427574a88c4696897806fb8514f49ad,S0004564,21,22,unproductive_cycle,False,False,True,False,False,,2.0
StressFresh100,StressFresh100_T000009,9459f9739998ea80967bcdb519ff724a5427574a88c4696897806fb8514f49ad,S0004565,23,30,productive_iteration,True,True,False,False,False,,8.0
StressFresh100,StressFresh100_T000009,9459f9739998ea80967bcdb519ff724a5427574a88c4696897806fb8514f49ad,S0004566,31,35,unproductive_cycle,False,False,True,False,False,,5.0
StressFresh100,StressFresh100_T000009,9459f9739998ea80967bcdb519ff724a5427574a88c4696897806fb8514f49ad,S0004567,36,36,productive_iteration,False,True,False,False,False,,1.0
StressFresh100,StressFresh100_T000009,9459f9739998ea80967bcdb519ff724a5427574a88c4696897806fb8514f49ad,S0004568,37,40,unproductive_cycle,False,False,True,False,False,,4.0
StressFresh100,StressFresh100_T000009,9459f9739998ea80967bcdb519ff724a5427574a88c4696897806fb8514f49ad,S0004569,41,42,productive_iteration,False,True,False,False,False,,2.0
StressFresh100,StressFresh100_T000009,9459f9739998ea80967bcdb519ff724a5427574a88c4696897806fb8514f49ad,S0004570,43,43,unproductive_cycle,False,False,True,False,False,,1.0
StressFresh100,StressFresh100_T000009,9459f9739998ea80967bcdb519ff724a5427574a88c4696897806fb8514f49ad,S0004571,44,45,productive_iteration,False,True,False,False,False,,2.0
StressFresh100,StressFresh100_T000009,9459f9739998ea80967bcdb519ff724a5427574a88c4696897806fb8514f49ad,S0004572,46,48,unproductive_cycle,False,False,True,False,False,,3.0
StressFresh100,StressFresh100_T000009,9459f9739998ea80967bcdb519ff724a5427574a88c4696897806fb8514f49ad,S0004573,49,50,productive_iteration,False,True,False,False,False,,2.0
StressFresh100,StressFresh100_T000010,c0a598c8d375463a24e1d480f1d824f86b46efdf06eda517a779fbc23aa5ead2,S0004574,0,0,productive_iteration,False,True,False,False,False,,1.0
StressFresh100,StressFresh100_T000010,c0a598c8d375463a24e1d480f1d824f86b46efdf06eda517a779fbc23aa5ead2,S0004575,3,5,productive_iteration,False,True,False,False,False,,3.0
StressFresh100,StressFresh100_T000010,c0a598c8d375463a24e1d480f1d824f86b46efdf06eda517a779fbc23aa5ead2,S0004576,6,20,unproductive_cycle,False,False,True,False,False,,15.0
StressFresh100,StressFresh100_T000010,c0a598c8d375463a24e1d480f1d824f86b46efdf06eda517a779fbc23aa5ead2,S0004577,21,21,productive_iteration,False,True,False,False,False,,1.0
StressFresh100,StressFresh100_T000010,c0a598c8d375463a24e1d480f1d824f86b46efdf06eda517a779fbc23aa5ead2,S0004578,22,26,unproductive_cycle,False,False,True,False,False,,5.0
StressFresh100,StressFresh100_T000011,7f50eabf245f789c54707ceb57e18394640d5332f24c3b151051748aa7ff356e,S0004579,6,23,unproductive_cycle,False,False,True,False,False,,18.0
StressFresh100,StressFresh100_T000012,22b7b5f1e20d0d5111267224aa5d5ec7799b8b33faf40b7a47e347e934414010,S0004580,0,0,productive_iteration,False,True,False,False,False,,1.0
StressFresh100,StressFresh100_T000012,22b7b5f1e20d0d5111267224aa5d5ec7799b8b33faf40b7a47e347e934414010,S0004581,3,4,unproductive_cycle,False,False,True,False,False,,2.0
StressFresh100,StressFresh100_T000012,22b7b5f1e20d0d5111267224aa5d5ec7799b8b33faf40b7a47e347e934414010,S0004582,5,6,productive_iteration,False,True,False,False,False,,2.0
StressFresh100,StressFresh100_T000012,22b7b5f1e20d0d5111267224aa5d5ec7799b8b33faf40b7a47e347e934414010,S0004583,7,9,unproductive_cycle,False,False,True,False,False,,3.0
StressFresh100,StressFresh100_T000012,22b7b5f1e20d0d5111267224aa5d5ec7799b8b33faf40b7a47e347e934414010,S0004584,11,11,unproductive_cycle,False,False,True,False,False,,1.0
StressFresh100,StressFresh100_T000013,224fa0cbadaac13958575d095b834d3cff5b3f937c2e7e665899d8952b62865c,S0004585,3,3,unproductive_cycle,False,False,True,False,False,,1.0
StressFresh100,StressFresh100_T000013,224fa0cbadaac13958575d095b834d3cff5b3f937c2e7e665899d8952b62865c,S0004586,4,4,productive_iteration,False,True,False,False,False,,1.0
StressFresh100,StressFresh100_T000013,224fa0cbadaac13958575d095b834d3cff5b3f937c2e7e665899d8952b62865c,S0004587,5,6,unproductive_cycle,False,False,True,False,False,,2.0
StressFresh100,StressFresh100_T000013,224fa0cbadaac13958575d095b834d3cff5b3f937c2e7e665899d8952b62865c,S0004588,7,8,productive_iteration,False,True,False,False,False,,2.0
StressFresh100,StressFresh100_T000014,05e05d4c2947556b170eb381864b1daef5d19e68c6d418056e481d7beff69d63,S0004589,4,5,productive_iteration,True,True,False,False,False,,2.0
StressFresh100,StressFresh100_T000014,05e05d4c2947556b170eb381864b1daef5d19e68c6d418056e481d7beff69d63,S0004590,7,11,unproductive_cycle,False,False,True,False,False,,5.0
StressFresh100,StressFresh100_T000015,ca3a05973fa8a45097cfc56aa901342d1cf11b3523c4430c2cd1bf768536373a,S0004591,2,15,unproductive_cycle,False,False,True,False,False,,14.0
StressFresh100,StressFresh100_T000015,ca3a05973fa8a45097cfc56aa901342d1cf11b3523c4430c2cd1bf768536373a,S0004592,17,23,unproductive_cycle,False,False,True,False,False,,7.0
StressFresh100,StressFresh100_T000016,57c05fee43398a84d9d86e6ecb80ce4c5714fdc282e5c54279e527038d4b7013,S0004593,0,8,productive_iteration,False,True,False,False,False,,9.0
StressFresh100,StressFresh100_T000016,57c05fee43398a84d9d86e6ecb80ce4c5714fdc282e5c54279e527038d4b7013,S0004594,9,15,unproductive_cycle,False,False,True,False,False,,7.0
StressFresh100,StressFresh100_T000016,57c05fee43398a84d9d86e6ecb80ce4c5714fdc282e5c54279e527038d4b7013,S0004595,16,17,productive_iteration,False,True,False,False,False,,2.0
StressFresh100,StressFresh100_T000016,57c05fee43398a84d9d86e6ecb80ce4c5714fdc282e5c54279e527038d4b7013,S0004596,18,31,unproductive_cycle,False,False,True,False,False,,14.0
StressFresh100,StressFresh100_T000017,db7a465d0ba6b04f62c89985b3af6a3c3ef03c24d5fd240011fedf88c8b1e450,S0004597,0,3,productive_iteration,False,True,False,False,False,,4.0
StressFresh100,StressFresh100_T000017,db7a465d0ba6b04f62c89985b3af6a3c3ef03c24d5fd240011fedf88c8b1e450,S0004598,5,5,unproductive_cycle,False,False,True,False,False,,1.0
StressFresh100,StressFresh100_T000017,db7a465d0ba6b04f62c89985b3af6a3c3ef03c24d5fd240011fedf88c8b1e450,S0004599,6,8,productive_iteration,False,True,False,False,False,,3.0
StressFresh100,StressFresh100_T000017,db7a465d0ba6b04f62c89985b3af6a3c3ef03c24d5fd240011fedf88c8b1e450,S0004600,9,9,unproductive_cycle,False,False,True,False,False,,1.0
StressFresh100,StressFresh100_T000018,f573d713da2357bfd72e5493299a11eea0ac3867ffe4ca7759c0b81b25076ec9,S0004601,0,0,productive_iteration,False,True,False,False,False,,1.0
StressFresh100,StressFresh100_T000018,f573d713da2357bfd72e5493299a11eea0ac3867ffe4ca7759c0b81b25076ec9,S0004602,2,2,productive_iteration,False,True,False,False,False,,1.0
StressFresh100,StressFresh100_T000018,f573d713da2357bfd72e5493299a11eea0ac3867ffe4ca7759c0b81b25076ec9,S0004603,4,7,unproductive_cycle,False,False,True,False,False,,4.0
StressFresh100,StressFresh100_T000019,45692b306dfd8b9db79b0d88c36b4aebce30159f1bd7846932b91884aabfacd1,S0004604,8,8,productive_iteration,False,True,False,False,False,,1.0
StressFresh100,StressFresh100_T000019,45692b306dfd8b9db79b0d88c36b4aebce30159f1bd7846932b91884aabfacd1,S0004605,9,9,unproductive_cycle,False,False,True,False,False,,1.0
StressFresh100,StressFresh100_T000019,45692b306dfd8b9db79b0d88c36b4aebce30159f1bd7846932b91884aabfacd1,S0004606,10,11,productive_iteration,False,True,False,False,False,,2.0
StressFresh100,StressFresh100_T000019,45692b306dfd8b9db79b0d88c36b4aebce30159f1bd7846932b91884aabfacd1,S0004607,12,12,unproductive_cycle,False,False,True,False,False,,1.0
StressFresh100,StressFresh100_T000019,45692b306dfd8b9db79b0d88c36b4aebce30159f1bd7846932b91884aabfacd1,S0004608,13,16,productive_iteration,False,True,False,False,False,,4.0
StressFresh100,StressFresh100_T000019,45692b306dfd8b9db79b0d88c36b4aebce30159f1bd7846932b91884aabfacd1,S0004609,17,21,unproductive_cycle,False,False,True,False,False,,5.0
StressFresh100,StressFresh100_T000019,45692b306dfd8b9db79b0d88c36b4aebce30159f1bd7846932b91884aabfacd1,S0004610,22,22,productive_iteration,False,True,False,False,False,,1.0
StressFresh100,StressFresh100_T000020,c88628ac07d356bee07bdaaacf483119bfa4a26673742164909e08c445686e41,S0004611,0,5,productive_iteration,False,True,False,False,False,,6.0
StressFresh100,StressFresh100_T000020,c88628ac07d356bee07bdaaacf483119bfa4a26673742164909e08c445686e41,S0004612,7,8,productive_iteration,False,True,False,False,False,,2.0
StressFresh100,StressFresh100_T000020,c88628ac07d356bee07bdaaacf483119bfa4a26673742164909e08c445686e41,S0004613,10,10,productive_iteration,False,True,False,False,False,,1.0
StressFresh100,StressFresh100_T000020,c88628ac07d356bee07bdaaacf483119bfa4a26673742164909e08c445686e41,S0004614,11,12,unproductive_cycle,False,False,True,False,False,,2.0
StressFresh100,StressFresh100_T000020,c88628ac07d356bee07bdaaacf483119bfa4a26673742164909e08c445686e41,S0004615,13,16,productive_iteration,False,True,False,False,False,,4.0
StressFresh100,StressFresh100_T000020,c88628ac07d356bee07bdaaacf483119bfa4a26673742164909e08c445686e41,S0004616,17,18,unproductive_cycle,False,False,True,False,False,,2.0
StressFresh100,StressFresh100_T000020,c88628ac07d356bee07bdaaacf483119bfa4a26673742164909e08c445686e41,S0004617,19,21,productive_iteration,False,True,False,False,False,,3.0
StressFresh100,StressFresh100_T000020,c88628ac07d356bee07bdaaacf483119bfa4a26673742164909e08c445686e41,S0004618,22,37,unproductive_cycle,False,False,True,False,False,,16.0
StressFresh100,StressFresh100_T000021,d05b61faf40dbab31306d3f00ee318cfbefd750f384da0aa64234d33b29c2e2d,S0004619,0,4,productive_iteration,False,True,False,False,False,,5.0
StressFresh100,StressFresh100_T000021,d05b61faf40dbab31306d3f00ee318cfbefd750f384da0aa64234d33b29c2e2d,S0004620,5,7,unproductive_cycle,False,False,True,False,False,,3.0
StressFresh100,StressFresh100_T000021,d05b61faf40dbab31306d3f00ee318cfbefd750f384da0aa64234d33b29c2e2d,S0004621,8,8,productive_iteration,True,True,False,False,False,,1.0
StressFresh100,StressFresh100_T000021,d05b61faf40dbab31306d3f00ee318cfbefd750f384da0aa64234d33b29c2e2d,S0004622,9,9,unproductive_cycle,False,False,True,False,False,,1.0
StressFresh100,StressFresh100_T000022,965ae8d15d6ba29ca5f8de0f09c3d625969bf5e3c806adac70810c843d02b099,S0004623,1,5,unproductive_cycle,False,False,True,False,False,,5.0
StressFresh100,StressFresh100_T000022,965ae8d15d6ba29ca5f8de0f09c3d625969bf5e3c806adac70810c843d02b099,S0004624,6,6,productive_iteration,False,True,False,False,False,,1.0
StressFresh100,StressFresh100_T000022,965ae8d15d6ba29ca5f8de0f09c3d625969bf5e3c806adac70810c843d02b099,S0004625,8,9,productive_iteration,False,True,False,False,False,,2.0
StressFresh100,StressFresh100_T000022,965ae8d15d6ba29ca5f8de0f09c3d625969bf5e3c806adac70810c843d02b099,S0004626,10,10,unproductive_cycle,False,False,True,False,False,,1.0
StressFresh100,StressFresh100_T000022,965ae8d15d6ba29ca5f8de0f09c3d625969bf5e3c806adac70810c843d02b099,S0004627,11,12,productive_iteration,True,True,False,False,False,,2.0
StressFresh100,StressFresh100_T000023,da052f865425aec706895c510d19e289d4c07d4be7f858c84911da379ff234cb,S0004628,2,5,productive_iteration,False,True,False,False,False,,4.0
StressFresh100,StressFresh100_T000023,da052f865425aec706895c510d19e289d4c07d4be7f858c84911da379ff234cb,S0004629,6,70,unproductive_cycle,False,False,True,False,False,,65.0
StressFresh100,StressFresh100_T000024,22fdee8fbbece0ed14943d83dafacb0ea9aa5a4a5abe8d7c10f11e9041c19dd8,S0004630,6,8,unproductive_cycle,False,False,True,False,False,,3.0
StressFresh100,StressFresh100_T000024,22fdee8fbbece0ed14943d83dafacb0ea9aa5a4a5abe8d7c10f11e9041c19dd8,S0004631,10,11,unproductive_cycle,False,False,True,False,False,,2.0
StressFresh100,StressFresh100_T000024,22fdee8fbbece0ed14943d83dafacb0ea9aa5a4a5abe8d7c10f11e9041c19dd8,S0004632,18,32,unproductive_cycle,False,False,True,False,False,,15.0
StressFresh100,StressFresh100_T000025,f0dd84287aec5a4d1fe5cfc138243b9d2fb35e8d23915dc34c7e1438dddd00ff,S0004633,5,5,productive_iteration,False,True,False,False,False,,1.0
StressFresh100,StressFresh100_T000025,f0dd84287aec5a4d1fe5cfc138243b9d2fb35e8d23915dc34c7e1438dddd00ff,S0004634,8,8,productive_iteration,True,True,False,False,False,,1.0
StressFresh100,StressFresh100_T000026,5461a9d3d032dad54f3a326269ddc3eaa21da083d49e31832bcfaa33c4696cd2,S0004635,6,8,unproductive_cycle,False,False,True,False,False,,3.0
StressFresh100,StressFresh100_T000026,5461a9d3d032dad54f3a326269ddc3eaa21da083d49e31832bcfaa33c4696cd2,S0004636,11,14,unproductive_cycle,False,False,True,False,False,,4.0
StressFresh100,StressFresh100_T000027,db4d5176c39a75b66a7b11b16f06661fc766a57caab6e63a3503b04b55b04d4e,S0004637,1,3,productive_iteration,False,True,False,False,False,,3.0
StressFresh100,StressFresh100_T000027,db4d5176c39a75b66a7b11b16f06661fc766a57caab6e63a3503b04b55b04d4e,S0004638,4,12,unproductive_cycle,False,False,True,False,False,,9.0
StressFresh100,StressFresh100_T000027,db4d5176c39a75b66a7b11b16f06661fc766a57caab6e63a3503b04b55b04d4e,S0004639,14,16,unproductive_cycle,False,False,True,False,False,,3.0
StressFresh100,StressFresh100_T000028,4462e9176dffdc62e6da4db7c1a0054f7768a71b4e63b8bcd875cb330ac20934,S0004640,3,5,unproductive_cycle,False,False,True,False,False,,3.0
StressFresh100,StressFresh100_T000028,4462e9176dffdc62e6da4db7c1a0054f7768a71b4e63b8bcd875cb330ac20934,S0004641,10,11,productive_iteration,False,True,False,False,False,,2.0
StressFresh100,StressFresh100_T000029,738f5e3f179f393570a147220416d82db1eee0e83061691ab69e309813ab8551,S0004642,0,1,productive_iteration,False,True,False,False,False,,2.0
StressFresh100,StressFresh100_T000029,738f5e3f179f393570a147220416d82db1eee0e83061691ab69e309813ab8551,S0004643,6,22,productive_iteration,True,True,False,False,False,,17.0
StressFresh100,StressFresh100_T000029,738f5e3f179f393570a147220416d82db1eee0e83061691ab69e309813ab8551,S0004644,23,23,unproductive_cycle,False,False,True,False,False,,1.0
StressFresh100,StressFresh100_T000030,1d58fd0d991c54f30c3a04bc2160884f3e620897d319a88d7f2dc1602ee440de,S0004645,8,10,productive_iteration,True,True,False,False,False,,3.0
StressFresh100,StressFresh100_T000031,79ebac843584e2139b357b1c18861e8c80543c8a2fdcacb1f881dabccf5fa456,S0004646,0,6,productive_iteration,False,True,False,False,False,,7.0
StressFresh100,StressFresh100_T000031,79ebac843584e2139b357b1c18861e8c80543c8a2fdcacb1f881dabccf5fa456,S0004647,9,10,unproductive_cycle,False,False,True,False,False,,2.0
StressFresh100,StressFresh100_T000031,79ebac843584e2139b357b1c18861e8c80543c8a2fdcacb1f881dabccf5fa456,S0004648,14,146,unproductive_cycle,False,False,True,False,False,,133.0
StressFresh100,StressFresh100_T000032,460e3e9a09e8c9b49a365b34ba3e73cdb086c92be3d1986f60b354c9ae24fa23,S0004649,0,4,productive_iteration,False,True,False,False,False,,5.0
StressFresh100,StressFresh100_T000032,460e3e9a09e8c9b49a365b34ba3e73cdb086c92be3d1986f60b354c9ae24fa23,S0004650,5,6,unproductive_cycle,False,False,True,False,False,,2.0
StressFresh100,StressFresh100_T000032,460e3e9a09e8c9b49a365b34ba3e73cdb086c92be3d1986f60b354c9ae24fa23,S0004651,7,13,productive_iteration,False,True,False,False,False,,7.0
StressFresh100,StressFresh100_T000032,460e3e9a09e8c9b49a365b34ba3e73cdb086c92be3d1986f60b354c9ae24fa23,S0004652,14,14,unproductive_cycle,False,False,True,False,False,,1.0
StressFresh100,StressFresh100_T000032,460e3e9a09e8c9b49a365b34ba3e73cdb086c92be3d1986f60b354c9ae24fa23,S0004653,15,15,productive_iteration,False,True,False,False,False,,1.0
StressFresh100,StressFresh100_T000032,460e3e9a09e8c9b49a365b34ba3e73cdb086c92be3d1986f60b354c9ae24fa23,S0004654,16,17,unproductive_cycle,False,False,True,False,False,,2.0
StressFresh100,StressFresh100_T000032,460e3e9a09e8c9b49a365b34ba3e73cdb086c92be3d1986f60b354c9ae24fa23,S0004655,18,18,productive_iteration,False,True,False,False,False,,1.0
StressFresh100,StressFresh100_T000032,460e3e9a09e8c9b49a365b34ba3e73cdb086c92be3d1986f60b354c9ae24fa23,S0004656,19,19,unproductive_cycle,False,False,True,False,False,,1.0
StressFresh100,StressFresh100_T000032,460e3e9a09e8c9b49a365b34ba3e73cdb086c92be3d1986f60b354c9ae24fa23,S0004657,20,20,productive_iteration,False,True,False,False,False,,1.0
StressFresh100,StressFresh100_T000032,460e3e9a09e8c9b49a365b34ba3e73cdb086c92be3d1986f60b354c9ae24fa23,S0004658,21,22,unproductive_cycle,False,False,True,False,False,,2.0
StressFresh100,StressFresh100_T000032,460e3e9a09e8c9b49a365b34ba3e73cdb086c92be3d1986f60b354c9ae24fa23,S0004659,23,23,productive_iteration,True,True,False,False,False,,1.0
StressFresh100,StressFresh100_T000032,460e3e9a09e8c9b49a365b34ba3e73cdb086c92be3d1986f60b354c9ae24fa23,S0004660,24,24,unproductive_cycle,False,False,True,False,False,,1.0
StressFresh100,StressFresh100_T000032,460e3e9a09e8c9b49a365b34ba3e73cdb086c92be3d1986f60b354c9ae24fa23,S0004661,25,25,productive_iteration,True,True,False,False,False,,1.0
StressFresh100,StressFresh100_T000032,460e3e9a09e8c9b49a365b34ba3e73cdb086c92be3d1986f60b354c9ae24fa23,S0004662,26,55,unproductive_cycle,False,False,True,False,False,,30.0
StressFresh100,StressFresh100_T000033,6b4efe67d208b4b7ffd4bc30b465d5e19bfc5546bbbe1699c8d0142f5f1f323b,S0004663,0,4,productive_iteration,False,True,False,False,False,,5.0
StressFresh100,StressFresh100_T000033,6b4efe67d208b4b7ffd4bc30b465d5e19bfc5546bbbe1699c8d0142f5f1f323b,S0004664,8,17,productive_iteration,False,True,False,False,False,,10.0
StressFresh100,StressFresh100_T000033,6b4efe67d208b4b7ffd4bc30b465d5e19bfc5546bbbe1699c8d0142f5f1f323b,S0004665,18,26,unproductive_cycle,False,False,True,False,False,,9.0
StressFresh100,StressFresh100_T000034,2816e442729eace9b26e6cb622788d035b3ddd3db1c44f7fb6938a8f0a4de49f,S0004666,10,10,productive_iteration,False,True,False,False,False,,1.0
StressFresh100,StressFresh100_T000034,2816e442729eace9b26e6cb622788d035b3ddd3db1c44f7fb6938a8f0a4de49f,S0004667,11,16,unproductive_cycle,False,False,True,False,False,,6.0
StressFresh100,StressFresh100_T000034,2816e442729eace9b26e6cb622788d035b3ddd3db1c44f7fb6938a8f0a4de49f,S0004668,17,17,productive_iteration,False,True,False,False,False,,1.0
StressFresh100,StressFresh100_T000034,2816e442729eace9b26e6cb622788d035b3ddd3db1c44f7fb6938a8f0a4de49f,S0004669,18,27,unproductive_cycle,False,False,True,False,False,,10.0
StressFresh100,StressFresh100_T000035,782cea9926b68436640bd7bbba6c9706ab8b7c42d2e6a834fbbc43472c93b24c,S0004670,3,8,productive_iteration,False,True,False,False,False,,6.0
StressFresh100,StressFresh100_T000035,782cea9926b68436640bd7bbba6c9706ab8b7c42d2e6a834fbbc43472c93b24c,S0004671,9,15,unproductive_cycle,False,False,True,False,False,,7.0
StressFresh100,StressFresh100_T000035,782cea9926b68436640bd7bbba6c9706ab8b7c42d2e6a834fbbc43472c93b24c,S0004672,16,42,productive_iteration,True,True,False,False,False,,27.0
StressFresh100,StressFresh100_T000036,e086fa3b46d6313d2a74e106314f91563e7b768573dbbafef9b1b3d89cd4f1c4,S0004673,3,3,unproductive_cycle,False,False,True,False,False,,1.0
StressFresh100,StressFresh100_T000036,e086fa3b46d6313d2a74e106314f91563e7b768573dbbafef9b1b3d89cd4f1c4,S0004674,4,10,productive_iteration,False,True,False,False,False,,7.0
StressFresh100,StressFresh100_T000036,e086fa3b46d6313d2a74e106314f91563e7b768573dbbafef9b1b3d89cd4f1c4,S0004675,11,11,unproductive_cycle,False,False,True,False,False,,1.0
StressFresh100,StressFresh100_T000036,e086fa3b46d6313d2a74e106314f91563e7b768573dbbafef9b1b3d89cd4f1c4,S0004676,12,18,productive_iteration,False,True,False,False,False,,7.0
StressFresh100,StressFresh100_T000036,e086fa3b46d6313d2a74e106314f91563e7b768573dbbafef9b1b3d89cd4f1c4,S0004677,19,22,unproductive_cycle,False,False,True,False,False,,4.0
StressFresh100,StressFresh100_T000036,e086fa3b46d6313d2a74e106314f91563e7b768573dbbafef9b1b3d89cd4f1c4,S0004678,23,27,productive_iteration,False,True,False,False,False,,5.0
StressFresh100,StressFresh100_T000036,e086fa3b46d6313d2a74e106314f91563e7b768573dbbafef9b1b3d89cd4f1c4,S0004679,28,32,unproductive_cycle,False,False,True,False,False,,5.0
StressFresh100,StressFresh100_T000037,e241a09b5a4207598c25f1556401366c19c6d0df8f84c6252821f87704dfb7e0,S0004680,0,4,productive_iteration,False,True,False,False,False,,5.0
StressFresh100,StressFresh100_T000037,e241a09b5a4207598c25f1556401366c19c6d0df8f84c6252821f87704dfb7e0,S0004681,5,22,unproductive_cycle,False,False,True,False,False,,18.0
StressFresh100,StressFresh100_T000038,4b33782f7903b4f025f9bb94357d4130408f35a263046f9807dd16c75399e6f9,S0004682,0,1,productive_iteration,False,True,False,False,False,,2.0
StressFresh100,StressFresh100_T000038,4b33782f7903b4f025f9bb94357d4130408f35a263046f9807dd16c75399e6f9,S0004683,2,2,unproductive_cycle,False,False,True,False,False,,1.0
StressFresh100,StressFresh100_T000038,4b33782f7903b4f025f9bb94357d4130408f35a263046f9807dd16c75399e6f9,S0004684,3,6,productive_iteration,False,True,False,False,False,,4.0
StressFresh100,StressFresh100_T000038,4b33782f7903b4f025f9bb94357d4130408f35a263046f9807dd16c75399e6f9,S0004685,7,7,unproductive_cycle,False,False,True,False,False,,1.0
StressFresh100,StressFresh100_T000038,4b33782f7903b4f025f9bb94357d4130408f35a263046f9807dd16c75399e6f9,S0004686,8,14,productive_iteration,False,True,False,False,False,,7.0
StressFresh100,StressFresh100_T000038,4b33782f7903b4f025f9bb94357d4130408f35a263046f9807dd16c75399e6f9,S0004687,15,15,unproductive_cycle,False,False,True,False,False,,1.0
StressFresh100,StressFresh100_T000038,4b33782f7903b4f025f9bb94357d4130408f35a263046f9807dd16c75399e6f9,S0004688,17,17,unproductive_cycle,False,False,True,False,False,,1.0
StressFresh100,StressFresh100_T000038,4b33782f7903b4f025f9bb94357d4130408f35a263046f9807dd16c75399e6f9,S0004689,19,24,productive_iteration,False,True,False,False,False,,6.0
StressFresh100,StressFresh100_T000038,4b33782f7903b4f025f9bb94357d4130408f35a263046f9807dd16c75399e6f9,S0004690,28,28,productive_iteration,False,True,False,False,False,,1.0
StressFresh100,StressFresh100_T000038,4b33782f7903b4f025f9bb94357d4130408f35a263046f9807dd16c75399e6f9,S0004691,29,31,unproductive_cycle,False,False,True,False,False,,3.0
StressFresh100,StressFresh100_T000039,42792b5b64d448831cbd97c2aa6e280852f0a2b73a4191e58c1accb081cd0dd8,S0004692,0,2,productive_iteration,False,True,False,False,False,,3.0
StressFresh100,StressFresh100_T000039,42792b5b64d448831cbd97c2aa6e280852f0a2b73a4191e58c1accb081cd0dd8,S0004693,4,7,unproductive_cycle,False,False,True,False,False,,4.0
StressFresh100,StressFresh100_T000039,42792b5b64d448831cbd97c2aa6e280852f0a2b73a4191e58c1accb081cd0dd8,S0004694,8,9,productive_iteration,True,True,False,False,False,,2.0
StressFresh100,StressFresh100_T000039,42792b5b64d448831cbd97c2aa6e280852f0a2b73a4191e58c1accb081cd0dd8,S0004695,10,13,unproductive_cycle,False,False,True,False,False,,4.0
StressFresh100,StressFresh100_T000039,42792b5b64d448831cbd97c2aa6e280852f0a2b73a4191e58c1accb081cd0dd8,S0004696,14,16,productive_iteration,False,True,False,False,False,,3.0
StressFresh100,StressFresh100_T000039,42792b5b64d448831cbd97c2aa6e280852f0a2b73a4191e58c1accb081cd0dd8,S0004697,17,17,unproductive_cycle,False,False,True,False,False,,1.0
StressFresh100,StressFresh100_T000039,42792b5b64d448831cbd97c2aa6e280852f0a2b73a4191e58c1accb081cd0dd8,S0004698,18,21,productive_iteration,False,True,False,False,False,,4.0
StressFresh100,StressFresh100_T000039,42792b5b64d448831cbd97c2aa6e280852f0a2b73a4191e58c1accb081cd0dd8,S0004699,22,47,unproductive_cycle,False,False,True,False,False,,26.0
StressFresh100,StressFresh100_T000039,42792b5b64d448831cbd97c2aa6e280852f0a2b73a4191e58c1accb081cd0dd8,S0004700,48,49,productive_iteration,False,True,False,False,False,,2.0
StressFresh100,StressFresh100_T000039,42792b5b64d448831cbd97c2aa6e280852f0a2b73a4191e58c1accb081cd0dd8,S0004701,50,58,unproductive_cycle,False,False,True,False,False,,9.0
StressFresh100,StressFresh100_T000040,b9b39ee78421746192d5c3ad305019e6362e88b206fecbb97449697c7f6dce9b,S0004702,0,1,productive_iteration,False,True,False,False,False,,2.0
StressFresh100,StressFresh100_T000040,b9b39ee78421746192d5c3ad305019e6362e88b206fecbb97449697c7f6dce9b,S0004703,2,8,unproductive_cycle,False,False,True,False,False,,7.0
StressFresh100,StressFresh100_T000040,b9b39ee78421746192d5c3ad305019e6362e88b206fecbb97449697c7f6dce9b,S0004704,9,15,productive_iteration,False,True,False,False,False,,7.0
StressFresh100,StressFresh100_T000040,b9b39ee78421746192d5c3ad305019e6362e88b206fecbb97449697c7f6dce9b,S0004705,16,16,unproductive_cycle,False,False,True,False,False,,1.0
StressFresh100,StressFresh100_T000040,b9b39ee78421746192d5c3ad305019e6362e88b206fecbb97449697c7f6dce9b,S0004706,17,21,productive_iteration,False,True,False,False,False,,5.0
StressFresh100,StressFresh100_T000040,b9b39ee78421746192d5c3ad305019e6362e88b206fecbb97449697c7f6dce9b,S0004707,22,22,unproductive_cycle,False,False,True,False,False,,1.0
StressFresh100,StressFresh100_T000040,b9b39ee78421746192d5c3ad305019e6362e88b206fecbb97449697c7f6dce9b,S0004708,23,24,productive_iteration,False,True,False,False,False,,2.0
StressFresh100,StressFresh100_T000040,b9b39ee78421746192d5c3ad305019e6362e88b206fecbb97449697c7f6dce9b,S0004709,25,26,unproductive_cycle,False,False,True,False,False,,2.0
StressFresh100,StressFresh100_T000041,308e40c2ba0681c4b845810e1c3666af70e6d7477a0aeb301224c0ce662a2130,S0004710,0,6,productive_iteration,False,True,False,False,False,,7.0
StressFresh100,StressFresh100_T000042,df1aa3feaeae5be2709487a3647894a23b8f584e33e2f3f169871aa16c245349,S0004711,0,13,productive_iteration,True,True,False,False,False,,14.0
StressFresh100,StressFresh100_T000043,1bc8dcf37ba330bacf119cac13a4c4d9d26be11694e48a5ff3c61023f1a2587c,S0004712,0,13,productive_iteration,True,True,False,False,False,,14.0
StressFresh100,StressFresh100_T000044,4f15f236016036637e59e48a191562348969b8ba693a009fcf5b5eff24e309f6,S0004713,5,7,productive_iteration,False,True,False,False,False,,3.0
StressFresh100,StressFresh100_T000044,4f15f236016036637e59e48a191562348969b8ba693a009fcf5b5eff24e309f6,S0004714,8,9,unproductive_cycle,False,False,True,False,False,,2.0
StressFresh100,StressFresh100_T000044,4f15f236016036637e59e48a191562348969b8ba693a009fcf5b5eff24e309f6,S0004715,13,16,unproductive_cycle,False,False,True,False,False,,4.0
StressFresh100,StressFresh100_T000045,c4159cb4a0ed72bb14872d1dc1af71fb5cfd840d084fb059258d94a5797f6f4c,S0004716,0,20,productive_iteration,False,True,False,False,False,,21.0
StressFresh100,StressFresh100_T000045,c4159cb4a0ed72bb14872d1dc1af71fb5cfd840d084fb059258d94a5797f6f4c,S0004717,21,22,unproductive_cycle,False,False,True,False,False,,2.0
StressFresh100,StressFresh100_T000045,c4159cb4a0ed72bb14872d1dc1af71fb5cfd840d084fb059258d94a5797f6f4c,S0004718,23,25,productive_iteration,True,True,False,False,False,,3.0
StressFresh100,StressFresh100_T000045,c4159cb4a0ed72bb14872d1dc1af71fb5cfd840d084fb059258d94a5797f6f4c,S0004719,26,27,unproductive_cycle,False,False,True,False,False,,2.0
StressFresh100,StressFresh100_T000045,c4159cb4a0ed72bb14872d1dc1af71fb5cfd840d084fb059258d94a5797f6f4c,S0004720,28,28,productive_iteration,True,True,False,False,False,,1.0
StressFresh100,StressFresh100_T000045,c4159cb4a0ed72bb14872d1dc1af71fb5cfd840d084fb059258d94a5797f6f4c,S0004721,29,31,unproductive_cycle,False,False,True,False,False,,3.0
StressFresh100,StressFresh100_T000045,c4159cb4a0ed72bb14872d1dc1af71fb5cfd840d084fb059258d94a5797f6f4c,S0004722,32,33,productive_iteration,False,True,False,False,False,,2.0
StressFresh100,StressFresh100_T000045,c4159cb4a0ed72bb14872d1dc1af71fb5cfd840d084fb059258d94a5797f6f4c,S0004723,34,35,unproductive_cycle,False,False,True,False,False,,2.0
StressFresh100,StressFresh100_T000045,c4159cb4a0ed72bb14872d1dc1af71fb5cfd840d084fb059258d94a5797f6f4c,S0004724,36,36,productive_iteration,True,True,False,False,False,,1.0
StressFresh100,StressFresh100_T000045,c4159cb4a0ed72bb14872d1dc1af71fb5cfd840d084fb059258d94a5797f6f4c,S0004725,37,38,unproductive_cycle,False,False,True,False,False,,2.0
StressFresh100,StressFresh100_T000045,c4159cb4a0ed72bb14872d1dc1af71fb5cfd840d084fb059258d94a5797f6f4c,S0004726,39,39,productive_iteration,True,True,False,False,False,,1.0
StressFresh100,StressFresh100_T000045,c4159cb4a0ed72bb14872d1dc1af71fb5cfd840d084fb059258d94a5797f6f4c,S0004727,40,43,unproductive_cycle,False,False,True,False,False,,4.0
StressFresh100,StressFresh100_T000045,c4159cb4a0ed72bb14872d1dc1af71fb5cfd840d084fb059258d94a5797f6f4c,S0004728,44,44,productive_iteration,False,True,False,False,False,,1.0
StressFresh100,StressFresh100_T000045,c4159cb4a0ed72bb14872d1dc1af71fb5cfd840d084fb059258d94a5797f6f4c,S0004729,45,66,unproductive_cycle,False,False,True,False,False,,22.0
StressFresh100,StressFresh100_T000046,d5b971143817982ada57bb3f1ff87081a4fbca0140d4db7c5e5b71ba037bb430,S0004730,19,21,unproductive_cycle,False,False,True,False,False,,3.0
StressFresh100,StressFresh100_T000047,a14e25682473ca3c4d93f1d1fa2b759d75b225ad7aa50c914dfce5615526e9ff,S0004731,0,2,productive_iteration,False,True,False,False,False,,3.0
StressFresh100,StressFresh100_T000047,a14e25682473ca3c4d93f1d1fa2b759d75b225ad7aa50c914dfce5615526e9ff,S0004732,7,7,productive_iteration,False,True,False,False,False,,1.0
StressFresh100,StressFresh100_T000047,a14e25682473ca3c4d93f1d1fa2b759d75b225ad7aa50c914dfce5615526e9ff,S0004733,11,11,productive_iteration,False,True,False,False,False,,1.0
StressFresh100,StressFresh100_T000047,a14e25682473ca3c4d93f1d1fa2b759d75b225ad7aa50c914dfce5615526e9ff,S0004734,15,17,productive_iteration,False,True,False,False,False,,3.0
StressFresh100,StressFresh100_T000047,a14e25682473ca3c4d93f1d1fa2b759d75b225ad7aa50c914dfce5615526e9ff,S0004735,19,21,productive_iteration,False,True,False,False,False,,3.0
StressFresh100,StressFresh100_T000047,a14e25682473ca3c4d93f1d1fa2b759d75b225ad7aa50c914dfce5615526e9ff,S0004736,24,26,productive_iteration,False,True,False,False,False,,3.0
StressFresh100,StressFresh100_T000047,a14e25682473ca3c4d93f1d1fa2b759d75b225ad7aa50c914dfce5615526e9ff,S0004737,28,30,productive_iteration,False,True,False,False,False,,3.0
StressFresh100,StressFresh100_T000047,a14e25682473ca3c4d93f1d1fa2b759d75b225ad7aa50c914dfce5615526e9ff,S0004738,32,33,productive_iteration,False,True,False,False,False,,2.0
StressFresh100,StressFresh100_T000047,a14e25682473ca3c4d93f1d1fa2b759d75b225ad7aa50c914dfce5615526e9ff,S0004739,35,39,productive_iteration,False,True,False,False,False,,5.0
StressFresh100,StressFresh100_T000048,ebd14b8050bc9e6b40fb81e0469c408cf2a2d12f0d184b3c57b8aa810ed35fdc,S0004740,0,1,productive_iteration,False,True,False,False,False,,2.0
StressFresh100,StressFresh100_T000048,ebd14b8050bc9e6b40fb81e0469c408cf2a2d12f0d184b3c57b8aa810ed35fdc,S0004741,3,6,productive_iteration,False,True,False,False,False,,4.0
StressFresh100,StressFresh100_T000048,ebd14b8050bc9e6b40fb81e0469c408cf2a2d12f0d184b3c57b8aa810ed35fdc,S0004742,8,14,productive_iteration,False,True,False,False,False,,7.0
StressFresh100,StressFresh100_T000048,ebd14b8050bc9e6b40fb81e0469c408cf2a2d12f0d184b3c57b8aa810ed35fdc,S0004743,19,24,unproductive_cycle,False,False,True,False,False,,6.0
StressFresh100,StressFresh100_T000049,0b5376472f19c212bcc964205655b1d45ac3e98c44171d4923a40d5af0a6f839,S0004744,1,1,productive_iteration,False,True,False,False,False,,1.0
StressFresh100,StressFresh100_T000049,0b5376472f19c212bcc964205655b1d45ac3e98c44171d4923a40d5af0a6f839,S0004745,3,3,unproductive_cycle,False,False,True,False,False,,1.0
StressFresh100,StressFresh100_T000049,0b5376472f19c212bcc964205655b1d45ac3e98c44171d4923a40d5af0a6f839,S0004746,4,4,productive_iteration,False,True,False,False,False,,1.0
StressFresh100,StressFresh100_T000049,0b5376472f19c212bcc964205655b1d45ac3e98c44171d4923a40d5af0a6f839,S0004747,5,5,unproductive_cycle,False,False,True,False,False,,1.0
StressFresh100,StressFresh100_T000049,0b5376472f19c212bcc964205655b1d45ac3e98c44171d4923a40d5af0a6f839,S0004748,7,8,productive_iteration,True,True,False,False,False,,2.0
StressFresh100,StressFresh100_T000049,0b5376472f19c212bcc964205655b1d45ac3e98c44171d4923a40d5af0a6f839,S0004749,10,10,unproductive_cycle,False,False,True,False,False,,1.0
StressFresh100,StressFresh100_T000049,0b5376472f19c212bcc964205655b1d45ac3e98c44171d4923a40d5af0a6f839,S0004750,11,15,productive_iteration,True,True,False,False,False,,5.0
StressFresh100,StressFresh100_T000049,0b5376472f19c212bcc964205655b1d45ac3e98c44171d4923a40d5af0a6f839,S0004751,16,16,unproductive_cycle,False,False,True,False,False,,1.0
StressFresh100,StressFresh100_T000049,0b5376472f19c212bcc964205655b1d45ac3e98c44171d4923a40d5af0a6f839,S0004752,17,18,productive_iteration,False,True,False,False,False,,2.0
StressFresh100,StressFresh100_T000050,e5a05016a8d27bc4021330c7adbb02e4699c7fc6e69221f250aecec8313deee2,S0004753,4,5,unproductive_cycle,False,False,True,False,False,,2.0
StressFresh100,StressFresh100_T000050,e5a05016a8d27bc4021330c7adbb02e4699c7fc6e69221f250aecec8313deee2,S0004754,10,10,unproductive_cycle,False,False,True,False,False,,1.0
StressFresh100,StressFresh100_T000051,e5dae32698d66044f26f06853ff1e72e5356ef4496d20b0f20971793cf01f8b1,S0004755,0,22,productive_iteration,False,True,False,False,False,,23.0
StressFresh100,StressFresh100_T000051,e5dae32698d66044f26f06853ff1e72e5356ef4496d20b0f20971793cf01f8b1,S0004756,23,24,unproductive_cycle,False,False,True,False,False,,2.0
StressFresh100,StressFresh100_T000051,e5dae32698d66044f26f06853ff1e72e5356ef4496d20b0f20971793cf01f8b1,S0004757,26,31,productive_iteration,False,True,False,False,False,,6.0
StressFresh100,StressFresh100_T000051,e5dae32698d66044f26f06853ff1e72e5356ef4496d20b0f20971793cf01f8b1,S0004758,32,34,unproductive_cycle,False,False,True,False,False,,3.0
StressFresh100,StressFresh100_T000051,e5dae32698d66044f26f06853ff1e72e5356ef4496d20b0f20971793cf01f8b1,S0004759,35,35,productive_iteration,False,True,False,False,False,,1.0
StressFresh100,StressFresh100_T000051,e5dae32698d66044f26f06853ff1e72e5356ef4496d20b0f20971793cf01f8b1,S0004760,36,36,unproductive_cycle,False,False,True,False,False,,1.0
StressFresh100,StressFresh100_T000051,e5dae32698d66044f26f06853ff1e72e5356ef4496d20b0f20971793cf01f8b1,S0004761,37,37,productive_iteration,False,True,False,False,False,,1.0
StressFresh100,StressFresh100_T000051,e5dae32698d66044f26f06853ff1e72e5356ef4496d20b0f20971793cf01f8b1,S0004762,38,50,unproductive_cycle,False,False,True,False,False,,13.0
StressFresh100,StressFresh100_T000051,e5dae32698d66044f26f06853ff1e72e5356ef4496d20b0f20971793cf01f8b1,S0004763,51,52,productive_iteration,False,True,False,False,False,,2.0
StressFresh100,StressFresh100_T000051,e5dae32698d66044f26f06853ff1e72e5356ef4496d20b0f20971793cf01f8b1,S0004764,53,55,unproductive_cycle,False,False,True,False,False,,3.0
StressFresh100,StressFresh100_T000051,e5dae32698d66044f26f06853ff1e72e5356ef4496d20b0f20971793cf01f8b1,S0004765,56,56,productive_iteration,False,True,False,False,False,,1.0
StressFresh100,StressFresh100_T000052,b163f6ff9ed53f700af9c93ff584f23959edd84c73b9a60e11003c46f6e1962e,S0004766,2,3,productive_iteration,False,True,False,False,False,,2.0
StressFresh100,StressFresh100_T000052,b163f6ff9ed53f700af9c93ff584f23959edd84c73b9a60e11003c46f6e1962e,S0004767,5,18,productive_iteration,True,True,False,False,False,,14.0
StressFresh100,StressFresh100_T000053,b8b7e9a7fc29571a3dde9f56aa5aa1d7682f7b4567f0beeaad685c054cc198af,S0004768,1,15,productive_iteration,True,True,False,False,False,,15.0
StressFresh100,StressFresh100_T000054,ae7453e1b1d07891d27548e55c4fcc4bbb62c04db8bcd6251c02e356126618a3,S0004769,0,22,productive_iteration,True,True,False,False,False,,23.0
StressFresh100,StressFresh100_T000054,ae7453e1b1d07891d27548e55c4fcc4bbb62c04db8bcd6251c02e356126618a3,S0004770,23,28,unproductive_cycle,False,False,True,False,False,,6.0
StressFresh100,StressFresh100_T000054,ae7453e1b1d07891d27548e55c4fcc4bbb62c04db8bcd6251c02e356126618a3,S0004771,29,36,productive_iteration,True,True,False,False,False,,8.0
StressFresh100,StressFresh100_T000055,30ed7d8fcfcfcfa46cccac00dafbe65bfa5779a804c469b897ee0e176cc79a4a,S0004772,4,4,unproductive_cycle,False,False,True,False,False,,1.0
StressFresh100,StressFresh100_T000055,30ed7d8fcfcfcfa46cccac00dafbe65bfa5779a804c469b897ee0e176cc79a4a,S0004773,5,6,productive_iteration,True,True,False,False,False,,2.0
StressFresh100,StressFresh100_T000056,f67fcd4e7fabf284abb8b5815ee8fe9df1f421c40f3e215242e2e8fef4b5bd31,S0004774,10,11,productive_iteration,True,True,False,False,False,,2.0
StressFresh100,StressFresh100_T000057,12a0ffb24717381aeab48ebff843dd13cbc4014f1efcac4cea8742d7a2fa5b12,S0004775,0,6,productive_iteration,False,True,False,False,False,,7.0
StressFresh100,StressFresh100_T000057,12a0ffb24717381aeab48ebff843dd13cbc4014f1efcac4cea8742d7a2fa5b12,S0004776,7,7,unproductive_cycle,False,False,True,False,False,,1.0
StressFresh100,StressFresh100_T000057,12a0ffb24717381aeab48ebff843dd13cbc4014f1efcac4cea8742d7a2fa5b12,S0004777,8,9,productive_iteration,False,True,False,False,False,,2.0
StressFresh100,StressFresh100_T000057,12a0ffb24717381aeab48ebff843dd13cbc4014f1efcac4cea8742d7a2fa5b12,S0004778,10,10,unproductive_cycle,False,False,True,False,False,,1.0
StressFresh100,StressFresh100_T000057,12a0ffb24717381aeab48ebff843dd13cbc4014f1efcac4cea8742d7a2fa5b12,S0004779,11,16,productive_iteration,False,True,False,False,False,,6.0
StressFresh100,StressFresh100_T000058,0372a2e9d5e5876dd3973d4f1fab5c144817ef5de2178ad564d71808d9db3cf0,S0004780,0,14,productive_iteration,False,True,False,False,False,,15.0
StressFresh100,StressFresh100_T000058,0372a2e9d5e5876dd3973d4f1fab5c144817ef5de2178ad564d71808d9db3cf0,S0004781,16,21,productive_iteration,True,True,False,False,False,,6.0
StressFresh100,StressFresh100_T000058,0372a2e9d5e5876dd3973d4f1fab5c144817ef5de2178ad564d71808d9db3cf0,S0004782,22,27,unproductive_cycle,False,False,True,False,False,,6.0
StressFresh100,StressFresh100_T000059,c67af9453f75488e77590b10dd970e31c6c6d613e1961f6b7b0fac78f4b9acbf,S0004783,0,14,productive_iteration,True,True,False,False,False,,15.0
StressFresh100,StressFresh100_T000059,c67af9453f75488e77590b10dd970e31c6c6d613e1961f6b7b0fac78f4b9acbf,S0004784,15,15,unproductive_cycle,False,False,True,False,False,,1.0
StressFresh100,StressFresh100_T000059,c67af9453f75488e77590b10dd970e31c6c6d613e1961f6b7b0fac78f4b9acbf,S0004785,16,20,productive_iteration,False,True,False,False,False,,5.0
StressFresh100,StressFresh100_T000059,c67af9453f75488e77590b10dd970e31c6c6d613e1961f6b7b0fac78f4b9acbf,S0004786,21,21,unproductive_cycle,False,False,True,False,False,,1.0
StressFresh100,StressFresh100_T000059,c67af9453f75488e77590b10dd970e31c6c6d613e1961f6b7b0fac78f4b9acbf,S0004787,22,24,productive_iteration,False,True,False,False,False,,3.0
StressFresh100,StressFresh100_T000059,c67af9453f75488e77590b10dd970e31c6c6d613e1961f6b7b0fac78f4b9acbf,S0004788,25,25,unproductive_cycle,False,False,True,False,False,,1.0
StressFresh100,StressFresh100_T000059,c67af9453f75488e77590b10dd970e31c6c6d613e1961f6b7b0fac78f4b9acbf,S0004789,26,26,productive_iteration,False,True,False,False,False,,1.0
StressFresh100,StressFresh100_T000059,c67af9453f75488e77590b10dd970e31c6c6d613e1961f6b7b0fac78f4b9acbf,S0004790,27,48,unproductive_cycle,False,False,True,False,False,,22.0
StressFresh100,StressFresh100_T000060,264c713dd5947776605140d61e9c0e7c179c4e1052241744bc37fb9270f4a68b,S0004791,0,2,productive_iteration,False,True,False,False,False,,3.0
StressFresh100,StressFresh100_T000060,264c713dd5947776605140d61e9c0e7c179c4e1052241744bc37fb9270f4a68b,S0004792,4,8,productive_iteration,False,True,False,False,False,,5.0
StressFresh100,StressFresh100_T000060,264c713dd5947776605140d61e9c0e7c179c4e1052241744bc37fb9270f4a68b,S0004793,9,11,unproductive_cycle,False,False,True,False,False,,3.0
StressFresh100,StressFresh100_T000061,a51df90ff1b5b22bca822f09dc7d4f8c0cc66d65a88712320cea24152dbf7fa4,S0004794,0,5,productive_iteration,True,True,False,False,False,,6.0
StressFresh100,StressFresh100_T000061,a51df90ff1b5b22bca822f09dc7d4f8c0cc66d65a88712320cea24152dbf7fa4,S0004795,6,6,unproductive_cycle,False,False,True,False,False,,1.0
StressFresh100,StressFresh100_T000061,a51df90ff1b5b22bca822f09dc7d4f8c0cc66d65a88712320cea24152dbf7fa4,S0004796,7,7,productive_iteration,True,True,False,False,False,,1.0
StressFresh100,StressFresh100_T000062,cbbb21178a1ec7fca9a216ae1dfa624580c8ba307b9641ed9b20d5c701bff2e9,S0004797,3,9,productive_iteration,False,True,False,False,False,,7.0
StressFresh100,StressFresh100_T000062,cbbb21178a1ec7fca9a216ae1dfa624580c8ba307b9641ed9b20d5c701bff2e9,S0004798,10,11,unproductive_cycle,False,False,True,False,False,,2.0
StressFresh100,StressFresh100_T000062,cbbb21178a1ec7fca9a216ae1dfa624580c8ba307b9641ed9b20d5c701bff2e9,S0004799,12,13,productive_iteration,False,True,False,False,False,,2.0
StressFresh100,StressFresh100_T000062,cbbb21178a1ec7fca9a216ae1dfa624580c8ba307b9641ed9b20d5c701bff2e9,S0004800,14,15,unproductive_cycle,False,False,True,False,False,,2.0
StressFresh100,StressFresh100_T000062,cbbb21178a1ec7fca9a216ae1dfa624580c8ba307b9641ed9b20d5c701bff2e9,S0004801,16,17,productive_iteration,False,True,False,False,False,,2.0
StressFresh100,StressFresh100_T000062,cbbb21178a1ec7fca9a216ae1dfa624580c8ba307b9641ed9b20d5c701bff2e9,S0004802,18,18,unproductive_cycle,False,False,True,False,False,,1.0
StressFresh100,StressFresh100_T000062,cbbb21178a1ec7fca9a216ae1dfa624580c8ba307b9641ed9b20d5c701bff2e9,S0004803,19,19,productive_iteration,True,True,False,False,False,,1.0
StressFresh100,StressFresh100_T000062,cbbb21178a1ec7fca9a216ae1dfa624580c8ba307b9641ed9b20d5c701bff2e9,S0004804,20,20,unproductive_cycle,False,False,True,False,False,,1.0
StressFresh100,StressFresh100_T000062,cbbb21178a1ec7fca9a216ae1dfa624580c8ba307b9641ed9b20d5c701bff2e9,S0004805,21,22,productive_iteration,True,True,False,False,False,,2.0
StressFresh100,StressFresh100_T000063,1a6dd195ce2e1cd1f4f42e0337316870ca590bfb5a2e0984b1cdf9b06212629a,S0004806,2,2,productive_iteration,False,True,False,False,False,,1.0
StressFresh100,StressFresh100_T000063,1a6dd195ce2e1cd1f4f42e0337316870ca590bfb5a2e0984b1cdf9b06212629a,S0004807,4,4,productive_iteration,True,True,False,False,False,,1.0
StressFresh100,StressFresh100_T000063,1a6dd195ce2e1cd1f4f42e0337316870ca590bfb5a2e0984b1cdf9b06212629a,S0004808,6,20,productive_iteration,True,True,False,False,False,,15.0
StressFresh100,StressFresh100_T000063,1a6dd195ce2e1cd1f4f42e0337316870ca590bfb5a2e0984b1cdf9b06212629a,S0004809,21,21,unproductive_cycle,False,False,True,False,False,,1.0
StressFresh100,StressFresh100_T000063,1a6dd195ce2e1cd1f4f42e0337316870ca590bfb5a2e0984b1cdf9b06212629a,S0004810,22,23,productive_iteration,True,True,False,False,False,,2.0
StressFresh100,StressFresh100_T000064,8b401b1ec2674e697a1bd749782a9ee0395addf8afd8e034aa8cc89a3f52dc93,S0004811,1,2,unproductive_cycle,False,False,True,False,False,,2.0
StressFresh100,StressFresh100_T000064,8b401b1ec2674e697a1bd749782a9ee0395addf8afd8e034aa8cc89a3f52dc93,S0004812,3,13,productive_iteration,True,True,False,False,False,,11.0
StressFresh100,StressFresh100_T000064,8b401b1ec2674e697a1bd749782a9ee0395addf8afd8e034aa8cc89a3f52dc93,S0004813,14,15,unproductive_cycle,False,False,True,False,False,,2.0
StressFresh100,StressFresh100_T000064,8b401b1ec2674e697a1bd749782a9ee0395addf8afd8e034aa8cc89a3f52dc93,S0004814,16,22,productive_iteration,False,True,False,False,False,,7.0
StressFresh100,StressFresh100_T000064,8b401b1ec2674e697a1bd749782a9ee0395addf8afd8e034aa8cc89a3f52dc93,S0004815,23,25,unproductive_cycle,False,False,True,False,False,,3.0
StressFresh100,StressFresh100_T000064,8b401b1ec2674e697a1bd749782a9ee0395addf8afd8e034aa8cc89a3f52dc93,S0004816,26,28,productive_iteration,False,True,False,False,False,,3.0
StressFresh100,StressFresh100_T000064,8b401b1ec2674e697a1bd749782a9ee0395addf8afd8e034aa8cc89a3f52dc93,S0004817,29,29,unproductive_cycle,False,False,True,False,False,,1.0
StressFresh100,StressFresh100_T000064,8b401b1ec2674e697a1bd749782a9ee0395addf8afd8e034aa8cc89a3f52dc93,S0004818,30,37,productive_iteration,True,True,False,False,False,,8.0
StressFresh100,StressFresh100_T000064,8b401b1ec2674e697a1bd749782a9ee0395addf8afd8e034aa8cc89a3f52dc93,S0004819,38,49,unproductive_cycle,False,False,True,False,False,,12.0
StressFresh100,StressFresh100_T000064,8b401b1ec2674e697a1bd749782a9ee0395addf8afd8e034aa8cc89a3f52dc93,S0004820,50,51,productive_iteration,False,True,False,False,False,,2.0
StressFresh100,StressFresh100_T000065,685ce9749f3a6067ed5c8e35d95e9a74e5bfd4a91d04052947de4ed3330f6ea1,S0004821,1,3,unproductive_cycle,False,False,True,False,False,,3.0
StressFresh100,StressFresh100_T000065,685ce9749f3a6067ed5c8e35d95e9a74e5bfd4a91d04052947de4ed3330f6ea1,S0004822,5,5,productive_iteration,False,True,False,False,False,,1.0
StressFresh100,StressFresh100_T000065,685ce9749f3a6067ed5c8e35d95e9a74e5bfd4a91d04052947de4ed3330f6ea1,S0004823,6,7,unproductive_cycle,False,False,True,False,False,,2.0
StressFresh100,StressFresh100_T000065,685ce9749f3a6067ed5c8e35d95e9a74e5bfd4a91d04052947de4ed3330f6ea1,S0004824,8,8,productive_iteration,False,True,False,False,False,,1.0
StressFresh100,StressFresh100_T000065,685ce9749f3a6067ed5c8e35d95e9a74e5bfd4a91d04052947de4ed3330f6ea1,S0004825,9,12,unproductive_cycle,False,False,True,False,False,,4.0
StressFresh100,StressFresh100_T000065,685ce9749f3a6067ed5c8e35d95e9a74e5bfd4a91d04052947de4ed3330f6ea1,S0004826,13,13,productive_iteration,False,True,False,False,False,,1.0
StressFresh100,StressFresh100_T000065,685ce9749f3a6067ed5c8e35d95e9a74e5bfd4a91d04052947de4ed3330f6ea1,S0004827,15,17,unproductive_cycle,False,False,True,False,False,,3.0
StressFresh100,StressFresh100_T000065,685ce9749f3a6067ed5c8e35d95e9a74e5bfd4a91d04052947de4ed3330f6ea1,S0004828,18,20,productive_iteration,False,True,False,False,False,,3.0
StressFresh100,StressFresh100_T000065,685ce9749f3a6067ed5c8e35d95e9a74e5bfd4a91d04052947de4ed3330f6ea1,S0004829,22,22,unproductive_cycle,False,False,True,False,False,,1.0
StressFresh100,StressFresh100_T000065,685ce9749f3a6067ed5c8e35d95e9a74e5bfd4a91d04052947de4ed3330f6ea1,S0004830,23,23,productive_iteration,False,True,False,False,False,,1.0
StressFresh100,StressFresh100_T000065,685ce9749f3a6067ed5c8e35d95e9a74e5bfd4a91d04052947de4ed3330f6ea1,S0004831,25,25,productive_iteration,False,True,False,False,False,,1.0
StressFresh100,StressFresh100_T000065,685ce9749f3a6067ed5c8e35d95e9a74e5bfd4a91d04052947de4ed3330f6ea1,S0004832,27,28,productive_iteration,False,True,False,False,False,,2.0
StressFresh100,StressFresh100_T000065,685ce9749f3a6067ed5c8e35d95e9a74e5bfd4a91d04052947de4ed3330f6ea1,S0004833,29,32,unproductive_cycle,False,False,True,False,False,,4.0
StressFresh100,StressFresh100_T000065,685ce9749f3a6067ed5c8e35d95e9a74e5bfd4a91d04052947de4ed3330f6ea1,S0004834,33,33,productive_iteration,False,True,False,False,False,,1.0
StressFresh100,StressFresh100_T000066,d7db561b57bcbed983ba76597fef873887d8a5d442300589b27b01ccd666f651,S0004835,5,5,productive_iteration,False,True,False,False,False,,1.0
StressFresh100,StressFresh100_T000066,d7db561b57bcbed983ba76597fef873887d8a5d442300589b27b01ccd666f651,S0004836,8,8,productive_iteration,False,True,False,False,False,,1.0
StressFresh100,StressFresh100_T000066,d7db561b57bcbed983ba76597fef873887d8a5d442300589b27b01ccd666f651,S0004837,10,10,productive_iteration,True,True,False,False,False,,1.0
StressFresh100,StressFresh100_T000066,d7db561b57bcbed983ba76597fef873887d8a5d442300589b27b01ccd666f651,S0004838,12,12,productive_iteration,True,True,False,False,False,,1.0
StressFresh100,StressFresh100_T000066,d7db561b57bcbed983ba76597fef873887d8a5d442300589b27b01ccd666f651,S0004839,15,15,unproductive_cycle,False,False,True,False,False,,1.0
StressFresh100,StressFresh100_T000066,d7db561b57bcbed983ba76597fef873887d8a5d442300589b27b01ccd666f651,S0004840,16,17,productive_iteration,True,True,False,False,False,,2.0
StressFresh100,StressFresh100_T000066,d7db561b57bcbed983ba76597fef873887d8a5d442300589b27b01ccd666f651,S0004841,18,18,unproductive_cycle,False,False,True,False,False,,1.0
StressFresh100,StressFresh100_T000066,d7db561b57bcbed983ba76597fef873887d8a5d442300589b27b01ccd666f651,S0004842,20,20,unproductive_cycle,False,False,True,False,False,,1.0
StressFresh100,StressFresh100_T000066,d7db561b57bcbed983ba76597fef873887d8a5d442300589b27b01ccd666f651,S0004843,21,22,productive_iteration,True,True,False,False,False,,2.0
StressFresh100,StressFresh100_T000067,c2ab6e6c34b6bfd60c4a71b116d36faf273d8971c32cd56b71c093a54ea7e6e5,S0004844,0,14,unproductive_cycle,False,False,True,False,False,,15.0
StressFresh100,StressFresh100_T000067,c2ab6e6c34b6bfd60c4a71b116d36faf273d8971c32cd56b71c093a54ea7e6e5,S0004845,15,17,productive_iteration,False,True,False,False,False,,3.0
StressFresh100,StressFresh100_T000067,c2ab6e6c34b6bfd60c4a71b116d36faf273d8971c32cd56b71c093a54ea7e6e5,S0004846,18,23,unproductive_cycle,False,False,True,False,False,,6.0
StressFresh100,StressFresh100_T000067,c2ab6e6c34b6bfd60c4a71b116d36faf273d8971c32cd56b71c093a54ea7e6e5,S0004847,24,31,productive_iteration,False,True,False,False,False,,8.0
StressFresh100,StressFresh100_T000068,b956608f3d0d05fc81448c3b0f5b278ea7ac5652d9b5b18d101f261760375a2a,S0004848,6,9,unproductive_cycle,False,False,True,False,False,,4.0
StressFresh100,StressFresh100_T000068,b956608f3d0d05fc81448c3b0f5b278ea7ac5652d9b5b18d101f261760375a2a,S0004849,11,12,unproductive_cycle,False,False,True,False,False,,2.0
StressFresh100,StressFresh100_T000068,b956608f3d0d05fc81448c3b0f5b278ea7ac5652d9b5b18d101f261760375a2a,S0004850,13,14,productive_iteration,False,True,False,False,False,,2.0
StressFresh100,StressFresh100_T000069,8b9153342eb62fb3be7a52cf457d9f9d710e1abd14b4022c512369fe3d20fc20,S0004851,0,2,productive_iteration,False,True,False,False,False,,3.0
StressFresh100,StressFresh100_T000069,8b9153342eb62fb3be7a52cf457d9f9d710e1abd14b4022c512369fe3d20fc20,S0004852,9,18,unproductive_cycle,False,False,True,False,False,,10.0
StressFresh100,StressFresh100_T000069,8b9153342eb62fb3be7a52cf457d9f9d710e1abd14b4022c512369fe3d20fc20,S0004853,24,26,unproductive_cycle,False,False,True,False,False,,3.0
StressFresh100,StressFresh100_T000070,0801420380503dc40bf905941ade0755543b9567bb6e73a825f2a59c1bed130e,S0004854,0,2,productive_iteration,False,True,False,False,False,,3.0
StressFresh100,StressFresh100_T000070,0801420380503dc40bf905941ade0755543b9567bb6e73a825f2a59c1bed130e,S0004855,4,4,unproductive_cycle,False,False,True,False,False,,1.0
StressFresh100,StressFresh100_T000070,0801420380503dc40bf905941ade0755543b9567bb6e73a825f2a59c1bed130e,S0004856,8,12,productive_iteration,True,True,False,False,False,,5.0
StressFresh100,StressFresh100_T000071,d44c444735f35d7c02e48d92b4f814cbe08ceb4f8f3622e80b4e75b2c87b90f8,S0004857,0,4,productive_iteration,True,True,False,False,False,,5.0
StressFresh100,StressFresh100_T000071,d44c444735f35d7c02e48d92b4f814cbe08ceb4f8f3622e80b4e75b2c87b90f8,S0004858,9,11,unproductive_cycle,False,False,True,False,False,,3.0
StressFresh100,StressFresh100_T000071,d44c444735f35d7c02e48d92b4f814cbe08ceb4f8f3622e80b4e75b2c87b90f8,S0004859,14,14,unproductive_cycle,False,False,True,False,False,,1.0
StressFresh100,StressFresh100_T000071,d44c444735f35d7c02e48d92b4f814cbe08ceb4f8f3622e80b4e75b2c87b90f8,S0004860,16,16,unproductive_cycle,False,False,True,False,False,,1.0
StressFresh100,StressFresh100_T000071,d44c444735f35d7c02e48d92b4f814cbe08ceb4f8f3622e80b4e75b2c87b90f8,S0004861,18,21,productive_iteration,True,True,False,False,False,,4.0
StressFresh100,StressFresh100_T000072,86208502cd27fb57fd7c3faf799e1e06b46716db23f3eefe3edbef006a0bc8d4,S0004862,0,2,productive_iteration,False,True,False,False,False,,3.0
StressFresh100,StressFresh100_T000072,86208502cd27fb57fd7c3faf799e1e06b46716db23f3eefe3edbef006a0bc8d4,S0004863,6,6,unproductive_cycle,False,False,True,False,False,,1.0
StressFresh100,StressFresh100_T000072,86208502cd27fb57fd7c3faf799e1e06b46716db23f3eefe3edbef006a0bc8d4,S0004864,8,9,productive_iteration,False,True,False,False,False,,2.0
StressFresh100,StressFresh100_T000072,86208502cd27fb57fd7c3faf799e1e06b46716db23f3eefe3edbef006a0bc8d4,S0004865,12,14,productive_iteration,False,True,False,False,False,,3.0
StressFresh100,StressFresh100_T000072,86208502cd27fb57fd7c3faf799e1e06b46716db23f3eefe3edbef006a0bc8d4,S0004866,17,26,productive_iteration,False,True,False,False,False,,10.0
StressFresh100,StressFresh100_T000073,a581188633e7ba7f81ed9ddaa513a6c95bb10a10404d0b1b0c9b8f5527932876,S0004867,0,14,productive_iteration,True,True,False,False,False,,15.0
StressFresh100,StressFresh100_T000073,a581188633e7ba7f81ed9ddaa513a6c95bb10a10404d0b1b0c9b8f5527932876,S0004868,15,19,unproductive_cycle,False,False,True,False,False,,5.0
StressFresh100,StressFresh100_T000073,a581188633e7ba7f81ed9ddaa513a6c95bb10a10404d0b1b0c9b8f5527932876,S0004869,20,24,productive_iteration,False,True,False,False,False,,5.0
StressFresh100,StressFresh100_T000074,7ecf5739e2ab27d5568ab8a05dff10a03c9b53a45d111ed083f2b3db091a6652,S0004870,0,2,productive_iteration,False,True,False,False,False,,3.0
StressFresh100,StressFresh100_T000074,7ecf5739e2ab27d5568ab8a05dff10a03c9b53a45d111ed083f2b3db091a6652,S0004871,4,28,productive_iteration,True,True,False,False,False,,25.0
StressFresh100,StressFresh100_T000074,7ecf5739e2ab27d5568ab8a05dff10a03c9b53a45d111ed083f2b3db091a6652,S0004872,29,34,unproductive_cycle,False,False,True,False,False,,6.0
StressFresh100,StressFresh100_T000074,7ecf5739e2ab27d5568ab8a05dff10a03c9b53a45d111ed083f2b3db091a6652,S0004873,35,35,productive_iteration,False,True,False,False,False,,1.0
StressFresh100,StressFresh100_T000075,95d5e2593020189b0bacec1c9f8364d73105690a0ed2b3f09dd1f22e61d26e38,S0004874,0,21,productive_iteration,False,True,False,False,False,,22.0
StressFresh100,StressFresh100_T000075,95d5e2593020189b0bacec1c9f8364d73105690a0ed2b3f09dd1f22e61d26e38,S0004875,22,22,unproductive_cycle,False,False,True,False,False,,1.0
StressFresh100,StressFresh100_T000075,95d5e2593020189b0bacec1c9f8364d73105690a0ed2b3f09dd1f22e61d26e38,S0004876,23,23,productive_iteration,False,True,False,False,False,,1.0
StressFresh100,StressFresh100_T000075,95d5e2593020189b0bacec1c9f8364d73105690a0ed2b3f09dd1f22e61d26e38,S0004877,24,29,unproductive_cycle,False,False,True,False,False,,6.0
StressFresh100,StressFresh100_T000075,95d5e2593020189b0bacec1c9f8364d73105690a0ed2b3f09dd1f22e61d26e38,S0004878,30,32,productive_iteration,False,True,False,False,False,,3.0
StressFresh100,StressFresh100_T000075,95d5e2593020189b0bacec1c9f8364d73105690a0ed2b3f09dd1f22e61d26e38,S0004879,33,33,unproductive_cycle,False,False,True,False,False,,1.0
StressFresh100,StressFresh100_T000076,f3c71e4434d9ac9501c1425073d9af47556d8ac69a03c3a7fe68e8a53e75f27c,S0004880,2,2,productive_iteration,False,True,False,False,False,,1.0
StressFresh100,StressFresh100_T000076,f3c71e4434d9ac9501c1425073d9af47556d8ac69a03c3a7fe68e8a53e75f27c,S0004881,9,12,unproductive_cycle,False,False,True,False,False,,4.0
StressFresh100,StressFresh100_T000077,339d47e033eeba09502789bd4b7178e26bd3b9b37680a8c978d7faf1d351e18e,S0004882,0,2,productive_iteration,False,True,False,False,False,,3.0
StressFresh100,StressFresh100_T000077,339d47e033eeba09502789bd4b7178e26bd3b9b37680a8c978d7faf1d351e18e,S0004883,4,4,productive_iteration,False,True,False,False,False,,1.0
StressFresh100,StressFresh100_T000077,339d47e033eeba09502789bd4b7178e26bd3b9b37680a8c978d7faf1d351e18e,S0004884,7,10,productive_iteration,False,True,False,False,False,,4.0
StressFresh100,StressFresh100_T000077,339d47e033eeba09502789bd4b7178e26bd3b9b37680a8c978d7faf1d351e18e,S0004885,14,15,productive_iteration,False,True,False,False,False,,2.0
StressFresh100,StressFresh100_T000077,339d47e033eeba09502789bd4b7178e26bd3b9b37680a8c978d7faf1d351e18e,S0004886,16,21,unproductive_cycle,False,False,True,False,False,,6.0
StressFresh100,StressFresh100_T000077,339d47e033eeba09502789bd4b7178e26bd3b9b37680a8c978d7faf1d351e18e,S0004887,22,23,productive_iteration,False,True,False,False,False,,2.0
StressFresh100,StressFresh100_T000077,339d47e033eeba09502789bd4b7178e26bd3b9b37680a8c978d7faf1d351e18e,S0004888,25,26,productive_iteration,False,True,False,False,False,,2.0
StressFresh100,StressFresh100_T000077,339d47e033eeba09502789bd4b7178e26bd3b9b37680a8c978d7faf1d351e18e,S0004889,28,28,unproductive_cycle,False,False,True,False,False,,1.0
StressFresh100,StressFresh100_T000077,339d47e033eeba09502789bd4b7178e26bd3b9b37680a8c978d7faf1d351e18e,S0004890,29,31,productive_iteration,False,True,False,False,False,,3.0
StressFresh100,StressFresh100_T000078,1ba915e0f36013c8153afe5ca72194b87cf76366ebc8242166731981e79d332a,S0004891,2,5,unproductive_cycle,False,False,True,False,False,,4.0
StressFresh100,StressFresh100_T000078,1ba915e0f36013c8153afe5ca72194b87cf76366ebc8242166731981e79d332a,S0004892,6,6,productive_iteration,True,True,False,False,False,,1.0
StressFresh100,StressFresh100_T000078,1ba915e0f36013c8153afe5ca72194b87cf76366ebc8242166731981e79d332a,S0004893,10,10,productive_iteration,False,True,False,False,False,,1.0
StressFresh100,StressFresh100_T000078,1ba915e0f36013c8153afe5ca72194b87cf76366ebc8242166731981e79d332a,S0004894,11,45,unproductive_cycle,False,False,True,False,False,,35.0
StressFresh100,StressFresh100_T000079,06beaab9ee8987fd5aff5760c4c852bfe9cd3101a852008ef6cf9332ae563c85,S0004895,0,5,productive_iteration,False,True,False,False,False,,6.0
StressFresh100,StressFresh100_T000079,06beaab9ee8987fd5aff5760c4c852bfe9cd3101a852008ef6cf9332ae563c85,S0004896,6,12,unproductive_cycle,False,False,True,False,False,,7.0
StressFresh100,StressFresh100_T000079,06beaab9ee8987fd5aff5760c4c852bfe9cd3101a852008ef6cf9332ae563c85,S0004897,13,16,productive_iteration,False,True,False,False,False,,4.0
StressFresh100,StressFresh100_T000079,06beaab9ee8987fd5aff5760c4c852bfe9cd3101a852008ef6cf9332ae563c85,S0004898,17,18,unproductive_cycle,False,False,True,False,False,,2.0
StressFresh100,StressFresh100_T000079,06beaab9ee8987fd5aff5760c4c852bfe9cd3101a852008ef6cf9332ae563c85,S0004899,19,22,productive_iteration,False,True,False,False,False,,4.0
StressFresh100,StressFresh100_T000079,06beaab9ee8987fd5aff5760c4c852bfe9cd3101a852008ef6cf9332ae563c85,S0004900,23,25,unproductive_cycle,False,False,True,False,False,,3.0
StressFresh100,StressFresh100_T000079,06beaab9ee8987fd5aff5760c4c852bfe9cd3101a852008ef6cf9332ae563c85,S0004901,26,38,productive_iteration,True,True,False,False,False,,13.0
StressFresh100,StressFresh100_T000080,b4a27d721510aa8297c706d7d319f67f4d0e05a891e3555ae79e071753f31b8f,S0004902,0,0,productive_iteration,False,True,False,False,False,,1.0
StressFresh100,StressFresh100_T000080,b4a27d721510aa8297c706d7d319f67f4d0e05a891e3555ae79e071753f31b8f,S0004903,2,6,productive_iteration,False,True,False,False,False,,5.0
StressFresh100,StressFresh100_T000080,b4a27d721510aa8297c706d7d319f67f4d0e05a891e3555ae79e071753f31b8f,S0004904,10,52,unproductive_cycle,False,False,True,False,False,,43.0
StressFresh100,StressFresh100_T000081,7e3cc74f4183ea09f99b4185f044759a8899efe41c183e715f9f5a108a7244dd,S0004905,0,1,productive_iteration,False,True,False,False,False,,2.0
StressFresh100,StressFresh100_T000081,7e3cc74f4183ea09f99b4185f044759a8899efe41c183e715f9f5a108a7244dd,S0004906,2,3,unproductive_cycle,False,False,True,False,False,,2.0
StressFresh100,StressFresh100_T000081,7e3cc74f4183ea09f99b4185f044759a8899efe41c183e715f9f5a108a7244dd,S0004907,4,4,productive_iteration,False,True,False,False,False,,1.0
StressFresh100,StressFresh100_T000081,7e3cc74f4183ea09f99b4185f044759a8899efe41c183e715f9f5a108a7244dd,S0004908,5,6,unproductive_cycle,False,False,True,False,False,,2.0
StressFresh100,StressFresh100_T000081,7e3cc74f4183ea09f99b4185f044759a8899efe41c183e715f9f5a108a7244dd,S0004909,7,12,productive_iteration,False,True,False,False,False,,6.0
StressFresh100,StressFresh100_T000082,8c3fee340337ede33f74b2146d0be2add222c6acf368a1cae0c0ef342bb8c52f,S0004910,0,2,productive_iteration,False,True,False,False,False,,3.0
StressFresh100,StressFresh100_T000082,8c3fee340337ede33f74b2146d0be2add222c6acf368a1cae0c0ef342bb8c52f,S0004911,4,6,productive_iteration,False,True,False,False,False,,3.0
StressFresh100,StressFresh100_T000082,8c3fee340337ede33f74b2146d0be2add222c6acf368a1cae0c0ef342bb8c52f,S0004912,7,8,unproductive_cycle,False,False,True,False,False,,2.0
StressFresh100,StressFresh100_T000082,8c3fee340337ede33f74b2146d0be2add222c6acf368a1cae0c0ef342bb8c52f,S0004913,9,10,productive_iteration,True,True,False,False,False,,2.0
StressFresh100,StressFresh100_T000082,8c3fee340337ede33f74b2146d0be2add222c6acf368a1cae0c0ef342bb8c52f,S0004914,11,17,unproductive_cycle,False,False,True,False,False,,7.0
StressFresh100,StressFresh100_T000082,8c3fee340337ede33f74b2146d0be2add222c6acf368a1cae0c0ef342bb8c52f,S0004915,18,19,productive_iteration,True,True,False,False,False,,2.0
StressFresh100,StressFresh100_T000083,c09491af46a81ddd4ef50d3617e341a97f2b1a1aba7cb13701b661c1670525aa,S0004916,0,17,productive_iteration,False,True,False,False,False,,18.0
StressFresh100,StressFresh100_T000083,c09491af46a81ddd4ef50d3617e341a97f2b1a1aba7cb13701b661c1670525aa,S0004917,18,20,unproductive_cycle,False,False,True,False,False,,3.0
StressFresh100,StressFresh100_T000083,c09491af46a81ddd4ef50d3617e341a97f2b1a1aba7cb13701b661c1670525aa,S0004918,21,29,productive_iteration,False,True,False,False,False,,9.0
StressFresh100,StressFresh100_T000083,c09491af46a81ddd4ef50d3617e341a97f2b1a1aba7cb13701b661c1670525aa,S0004919,30,54,unproductive_cycle,False,False,True,False,False,,25.0
StressFresh100,StressFresh100_T000084,ba8c17fd5a27869c52b1a6e82ad122da508664aea8973c5ae119110f21e92a5b,S0004920,0,2,productive_iteration,False,True,False,False,False,,3.0
StressFresh100,StressFresh100_T000084,ba8c17fd5a27869c52b1a6e82ad122da508664aea8973c5ae119110f21e92a5b,S0004921,3,4,unproductive_cycle,False,False,True,False,False,,2.0
StressFresh100,StressFresh100_T000084,ba8c17fd5a27869c52b1a6e82ad122da508664aea8973c5ae119110f21e92a5b,S0004922,5,9,productive_iteration,True,True,False,False,False,,5.0
StressFresh100,StressFresh100_T000084,ba8c17fd5a27869c52b1a6e82ad122da508664aea8973c5ae119110f21e92a5b,S0004923,10,10,unproductive_cycle,False,False,True,False,False,,1.0
StressFresh100,StressFresh100_T000084,ba8c17fd5a27869c52b1a6e82ad122da508664aea8973c5ae119110f21e92a5b,S0004924,11,12,productive_iteration,True,True,False,False,False,,2.0
StressFresh100,StressFresh100_T000084,ba8c17fd5a27869c52b1a6e82ad122da508664aea8973c5ae119110f21e92a5b,S0004925,13,13,unproductive_cycle,False,False,True,False,False,,1.0
StressFresh100,StressFresh100_T000084,ba8c17fd5a27869c52b1a6e82ad122da508664aea8973c5ae119110f21e92a5b,S0004926,14,22,productive_iteration,True,True,False,False,False,,9.0
StressFresh100,StressFresh100_T000084,ba8c17fd5a27869c52b1a6e82ad122da508664aea8973c5ae119110f21e92a5b,S0004927,23,27,unproductive_cycle,False,False,True,False,False,,5.0
StressFresh100,StressFresh100_T000084,ba8c17fd5a27869c52b1a6e82ad122da508664aea8973c5ae119110f21e92a5b,S0004928,28,37,productive_iteration,True,True,False,False,False,,10.0
StressFresh100,StressFresh100_T000084,ba8c17fd5a27869c52b1a6e82ad122da508664aea8973c5ae119110f21e92a5b,S0004929,38,145,unproductive_cycle,False,False,True,False,False,,108.0
StressFresh100,StressFresh100_T000085,3d2387f3ae4c099d25a71d74f943d4d600aea25b2b08d97c860b3199868084c0,S0004930,0,6,productive_iteration,False,True,False,False,False,,7.0
StressFresh100,StressFresh100_T000085,3d2387f3ae4c099d25a71d74f943d4d600aea25b2b08d97c860b3199868084c0,S0004931,7,8,unproductive_cycle,False,False,True,False,False,,2.0
StressFresh100,StressFresh100_T000085,3d2387f3ae4c099d25a71d74f943d4d600aea25b2b08d97c860b3199868084c0,S0004932,9,19,productive_iteration,False,True,False,False,False,,11.0
StressFresh100,StressFresh100_T000085,3d2387f3ae4c099d25a71d74f943d4d600aea25b2b08d97c860b3199868084c0,S0004933,21,23,productive_iteration,False,True,False,False,False,,3.0
StressFresh100,StressFresh100_T000085,3d2387f3ae4c099d25a71d74f943d4d600aea25b2b08d97c860b3199868084c0,S0004934,24,43,unproductive_cycle,False,False,True,False,False,,20.0
StressFresh100,StressFresh100_T000086,cb9a93728f2098725c202157b37f7d5b9b68b59c62119fb485c724851a9b2a3c,S0004935,0,14,productive_iteration,True,True,False,False,False,,15.0
StressFresh100,StressFresh100_T000087,87057159ae314ec8f1d5ea1db38d4083bb63e01e9e91cc30021df2513af605fd,S0004936,0,23,productive_iteration,True,True,False,False,False,,24.0
StressFresh100,StressFresh100_T000088,6a70e0339e115a382e34572a5c8ff0e8b928a6091e49c52d560db6026890db64,S0004937,0,15,productive_iteration,False,True,False,False,False,,16.0
StressFresh100,StressFresh100_T000088,6a70e0339e115a382e34572a5c8ff0e8b928a6091e49c52d560db6026890db64,S0004938,16,16,unproductive_cycle,False,False,True,False,False,,1.0
StressFresh100,StressFresh100_T000088,6a70e0339e115a382e34572a5c8ff0e8b928a6091e49c52d560db6026890db64,S0004939,17,23,productive_iteration,False,True,False,False,False,,7.0
StressFresh100,StressFresh100_T000088,6a70e0339e115a382e34572a5c8ff0e8b928a6091e49c52d560db6026890db64,S0004940,24,24,unproductive_cycle,False,False,True,False,False,,1.0
StressFresh100,StressFresh100_T000088,6a70e0339e115a382e34572a5c8ff0e8b928a6091e49c52d560db6026890db64,S0004941,26,27,productive_iteration,False,True,False,False,False,,2.0
StressFresh100,StressFresh100_T000088,6a70e0339e115a382e34572a5c8ff0e8b928a6091e49c52d560db6026890db64,S0004942,28,34,unproductive_cycle,False,False,True,False,False,,7.0
StressFresh100,StressFresh100_T000089,964d1a32a26f5c44221d72c588da7ce72b40e030d71f81225753eb2045728430,S0004943,6,6,productive_iteration,False,True,False,False,False,,1.0
StressFresh100,StressFresh100_T000089,964d1a32a26f5c44221d72c588da7ce72b40e030d71f81225753eb2045728430,S0004944,13,15,productive_iteration,True,True,False,False,False,,3.0
StressFresh100,StressFresh100_T000090,bb1703344f57d4c3eb85bb93f002b3f4883604f3400583aa0eb76677f5c514b3,S0004945,5,6,unproductive_cycle,False,False,True,False,False,,2.0
StressFresh100,StressFresh100_T000090,bb1703344f57d4c3eb85bb93f002b3f4883604f3400583aa0eb76677f5c514b3,S0004946,7,7,productive_iteration,True,True,False,False,False,,1.0
StressFresh100,StressFresh100_T000091,c93951da4aaea2bb14e9c8a36272641625f62f4dce73bde3aecc99bee2f3d6d5,S0004947,2,2,productive_iteration,False,True,False,False,False,,1.0
StressFresh100,StressFresh100_T000091,c93951da4aaea2bb14e9c8a36272641625f62f4dce73bde3aecc99bee2f3d6d5,S0004948,4,26,productive_iteration,True,True,False,False,False,,23.0
StressFresh100,StressFresh100_T000092,be28d70d5d79bdc37e7f08d6866db88c207275528ff9f1e278e9756531806310,S0004949,0,2,productive_iteration,False,True,False,False,False,,3.0
StressFresh100,StressFresh100_T000092,be28d70d5d79bdc37e7f08d6866db88c207275528ff9f1e278e9756531806310,S0004950,3,5,unproductive_cycle,False,False,True,False,False,,3.0
StressFresh100,StressFresh100_T000092,be28d70d5d79bdc37e7f08d6866db88c207275528ff9f1e278e9756531806310,S0004951,6,7,productive_iteration,False,True,False,False,False,,2.0
StressFresh100,StressFresh100_T000092,be28d70d5d79bdc37e7f08d6866db88c207275528ff9f1e278e9756531806310,S0004952,9,20,productive_iteration,False,True,False,False,False,,12.0
StressFresh100,StressFresh100_T000092,be28d70d5d79bdc37e7f08d6866db88c207275528ff9f1e278e9756531806310,S0004953,21,22,unproductive_cycle,False,False,True,False,False,,2.0
StressFresh100,StressFresh100_T000092,be28d70d5d79bdc37e7f08d6866db88c207275528ff9f1e278e9756531806310,S0004954,23,23,productive_iteration,False,True,False,False,False,,1.0
StressFresh100,StressFresh100_T000092,be28d70d5d79bdc37e7f08d6866db88c207275528ff9f1e278e9756531806310,S0004955,24,47,unproductive_cycle,False,False,True,False,False,,24.0
StressFresh100,StressFresh100_T000093,f0e5b6b0b99f412c0e7de3d668905621b87ce1d955b462fa8f9ba3fe2b042e2e,S0004956,12,16,productive_iteration,True,True,False,False,False,,5.0
StressFresh100,StressFresh100_T000094,f680cf154c272dc43846cc0723e1d21e5d85c4118c2a166d0dec4720fb916041,S0004957,0,9,productive_iteration,False,True,False,False,False,,10.0
StressFresh100,StressFresh100_T000094,f680cf154c272dc43846cc0723e1d21e5d85c4118c2a166d0dec4720fb916041,S0004958,10,10,unproductive_cycle,False,False,True,False,False,,1.0
StressFresh100,StressFresh100_T000094,f680cf154c272dc43846cc0723e1d21e5d85c4118c2a166d0dec4720fb916041,S0004959,11,12,productive_iteration,False,True,False,False,False,,2.0
StressFresh100,StressFresh100_T000094,f680cf154c272dc43846cc0723e1d21e5d85c4118c2a166d0dec4720fb916041,S0004960,13,15,unproductive_cycle,False,False,True,False,False,,3.0
StressFresh100,StressFresh100_T000094,f680cf154c272dc43846cc0723e1d21e5d85c4118c2a166d0dec4720fb916041,S0004961,16,25,productive_iteration,True,True,False,False,False,,10.0
StressFresh100,StressFresh100_T000094,f680cf154c272dc43846cc0723e1d21e5d85c4118c2a166d0dec4720fb916041,S0004962,26,30,unproductive_cycle,False,False,True,False,False,,5.0
StressFresh100,StressFresh100_T000094,f680cf154c272dc43846cc0723e1d21e5d85c4118c2a166d0dec4720fb916041,S0004963,31,32,productive_iteration,True,True,False,False,False,,2.0
StressFresh100,StressFresh100_T000094,f680cf154c272dc43846cc0723e1d21e5d85c4118c2a166d0dec4720fb916041,S0004964,33,47,unproductive_cycle,False,False,True,False,False,,15.0
StressFresh100,StressFresh100_T000095,95b270711780a838f0e8295d602a75ba4e31394e80ec26afc68c2bbd96822c4b,S0004965,14,14,productive_iteration,False,True,False,False,False,,1.0
StressFresh100,StressFresh100_T000095,95b270711780a838f0e8295d602a75ba4e31394e80ec26afc68c2bbd96822c4b,S0004966,18,18,productive_iteration,False,True,False,False,False,,1.0
StressFresh100,StressFresh100_T000095,95b270711780a838f0e8295d602a75ba4e31394e80ec26afc68c2bbd96822c4b,S0004967,19,19,unproductive_cycle,False,False,True,False,False,,1.0
StressFresh100,StressFresh100_T000095,95b270711780a838f0e8295d602a75ba4e31394e80ec26afc68c2bbd96822c4b,S0004968,21,21,productive_iteration,False,True,False,False,False,,1.0
StressFresh100,StressFresh100_T000095,95b270711780a838f0e8295d602a75ba4e31394e80ec26afc68c2bbd96822c4b,S0004969,23,23,unproductive_cycle,False,False,True,False,False,,1.0
StressFresh100,StressFresh100_T000095,95b270711780a838f0e8295d602a75ba4e31394e80ec26afc68c2bbd96822c4b,S0004970,24,29,productive_iteration,False,True,False,False,False,,6.0
StressFresh100,StressFresh100_T000095,95b270711780a838f0e8295d602a75ba4e31394e80ec26afc68c2bbd96822c4b,S0004971,30,33,unproductive_cycle,False,False,True,False,False,,4.0
StressFresh100,StressFresh100_T000096,c346ec7a0c581ed72c76d7c73adfced4c84eb677d485d3e986acf72bb899ec4a,S0004972,9,10,unproductive_cycle,False,False,True,False,False,,2.0
StressFresh100,StressFresh100_T000097,4b15c9a57abbb8c639881b5651f18c0ea7f96842722cb3c7d7df74119c6bfe4f,S0004973,0,10,productive_iteration,False,True,False,False,False,,11.0
StressFresh100,StressFresh100_T000097,4b15c9a57abbb8c639881b5651f18c0ea7f96842722cb3c7d7df74119c6bfe4f,S0004974,12,15,productive_iteration,False,True,False,False,False,,4.0
StressFresh100,StressFresh100_T000097,4b15c9a57abbb8c639881b5651f18c0ea7f96842722cb3c7d7df74119c6bfe4f,S0004975,17,39,unproductive_cycle,False,False,True,False,False,,23.0
StressFresh100,StressFresh100_T000098,f00396024dd9f1297f13af5e8d66b8d47cda7ccd7dd69e222c7dd4a80e47b50e,S0004976,0,2,productive_iteration,False,True,False,False,False,,3.0
StressFresh100,StressFresh100_T000098,f00396024dd9f1297f13af5e8d66b8d47cda7ccd7dd69e222c7dd4a80e47b50e,S0004977,4,16,productive_iteration,True,True,False,False,False,,13.0
StressFresh100,StressFresh100_T000099,b939be1f2ccf0f20da146f785b381e10c6aa4a32fb8b05481cecd7ab821c52d8,S0004978,5,6,productive_iteration,True,True,False,False,False,,2.0
StressFresh100,StressFresh100_T000099,b939be1f2ccf0f20da146f785b381e10c6aa4a32fb8b05481cecd7ab821c52d8,S0004979,8,11,productive_iteration,True,True,False,False,False,,4.0
StressFresh100,StressFresh100_T000100,0b3c3f42a8245bff6d87cfe02658d3694d622073913e459b4e4cbb854d42c31c,S0004980,0,11,productive_iteration,False,True,False,False,False,,12.0
StressFresh100,StressFresh100_T000100,0b3c3f42a8245bff6d87cfe02658d3694d622073913e459b4e4cbb854d42c31c,S0004981,12,16,unproductive_cycle,False,False,True,False,False,,5.0
StressFresh100,StressFresh100_T000100,0b3c3f42a8245bff6d87cfe02658d3694d622073913e459b4e4cbb854d42c31c,S0004982,17,18,productive_iteration,False,True,False,False,False,,2.0
